id;cluster;substatus;type;initDate;finalDate;carrierId;carrier;addressTypes;hasBusinessAddress;hasResidentialAddress;hasNotTaggedAddress;dateFirstMovement;hasHelper;hasPlaces;hasBulky;hasPickupBuyer;hasPickupNode;isDeliveryRoute;isPickupRoute;isDeliveryPickupRoute;hasBags;deliveryType;facilityId;serviceCenterId;facilityType;timezone;initHour;hasShipmentsNotDelivered;claims;incidentTypes;hasAmbulance;claimsFilter;outRangeDeliveryFilter;routePerformanceScore;tocTotalCases;isLineHaul;notesQuantity;hasComments;warningsQuantity;isNewAlert;status;vehicleDescriptionForFilter;driver.driverId;driver.driverName;driver.driverClaims;driver.contactRate;driver.loyalty.name;driver.loyalty.stats;destinationFacility.destinationFacilityId;destinationFacility.destinationFacilityType;counters.total;counters.delivered;counters.notDelivered;counters.pending;counters.fromRoutes;counters.toRoutes;counters.totalBags;counters.residential;counters.business;counters.pendingBags;counters.deliveredDelivery;counters.notDeliveredDelivery;counters.pendingDelivery;counters.deliveredPickup;counters.notDeliveredPickup;counters.pendingPickup;failedDeliveryIndex.percent;failedDeliveryIndex.shouldDisplayBadge;flags.claimsCount;flags.failedDeliveryIndex.percent;flags.failedDeliveryIndex.shouldDisplayBadge;flags.hasAmbulance;flags.hasInitialDelay;flags.outRangeDelivery.delivered;flags.outRangeDelivery.notDelivered;timingData.orh;timingData.ozh;timingData.stemOut;timingData.stemIn;shipmentData.spr;shipmentData.sprDelivery;shipmentData.sprPickup;shipmentData.delivered;shipmentData.deliveredDelivery;shipmentData.deliveredPickup;shipmentData.failedDeliveries;shipmentData.failedDeliveriesDelivery;shipmentData.failedDeliveriesPickup;inactivityVehicle.startDate;inactivityVehicle.alert;inactivityVehicle.status;inactivityVehicle.priority;inactivityVehicle.severity;delayedRoute.alert;delayedRoute.status;delayedRoute.priority;delayedRoute.severity;pendingSackDelivery.alert;pendingSackDelivery.status;pendingSackDelivery.priority;pendingSackDelivery.severity;odRouteDispatchDelayed.alert;odRouteDispatchDelayed.status;odRouteDispatchDelayed.priority;odRouteDispatchDelayed.severity;commercialStopPending.alert;commercialStopPending.commercialStatus;commercialStopPending.priority;commercialStopPending.severity;commercialStopPending.affectedStopsCount;delayedStemout.alert;delayedStemout.status;delayedStemout.priority;delayedStemout.severity;vehicle.description;vehicle.license;plannedRoute.duration;plannedRoute.progressPercent;plannedRoute.distance;plannedRoute.cycleName;plannedRoute.promise;plannedRoute.promiseFilter;plannedRoute.cpt;plannedRoute.vehicleTypeId;plannedRoute.vehicleTypeDescription
412817693;29;;last_mile;1784811576;0;1733570264;Envios Extra;['residential'];False;True;False;1784813429.0;False;False;False;False;False;True;False;False;False;me_extra;BRNPA11457;SPA1;nex;America/Belem;09;True;[{'status': 'opened', 'count': 1}];[169, 163];False;1;1;OK;7;False;0;False;0;False;return_to_station;Veículo de Passeio;4756571.0;Wesley Fernando da Silva Costa;3;0,5;Bronce;[{'label': '91.30% de entregas exitosas'}, {'label': '100% de entregas sin reclamos (sin PNR o lost)'}, {'label': '600 puntos'}];BRNPA11457;nex;42;39;3;0;0;0;0;3;0;0;39;3;0;0;0;0;7,1;True;1;7,1;True;False;False;0;1;186;155;31;717;42;42;0;39;39;0;3;3;0;0;False;;0;0;False;;0;0;False;;0;0;False;;4;0;False;;0;0;0;False;;0;0;Veículo de Passeio;OTF8B72;284;65,5;29.25;AM1;;;;173;
412815103;124;started;last_mile;1784817233;0;1733570264;Envios Extra;['residential', 'business'];True;True;False;1784844266.0;False;False;False;False;False;True;False;False;False;me_extra;BRNPA26;SPA1;nex;America/Belem;11;True;[];[160, 167];False;0;0;OK;2;False;0;False;1;False;active;Veículo de Passeio;4468887.0;Flavia Duarte Dos Santos;1;0,1;Oro;[{'label': '95.14% de entregas exitosas'}, {'label': '100% de entregas sin reclamos (sin PNR o lost)'}, {'label': '1,400 puntos'}];BRNPA26;nex;37;34;2;1;0;0;0;2;1;0;34;2;1;0;0;0;5,4;True;0;5,4;True;False;False;0;0;808;357;451;0;37;37;0;34;34;0;2;2;0;1784852257;True;;5;0;False;;0;0;False;;0;0;False;;4;0;False;;0;0;0;False;;0;0;Veículo de Passeio;PCA8E55;257;100;16.31;AM1;;;;173;
412815173;97;started;last_mile;1784811861;0;1733570264;Envios Extra;['residential', 'business'];True;True;False;1784815418.0;False;False;False;False;False;True;False;False;False;me_extra;BRNPA26;SPA1;nex;America/Belem;10;True;[];[166];False;0;0;OK;1;False;0;False;0;False;active;Veículo de Passeio;4755703.0;Daniel Vitor Ferreira Lopes;2;0,2;Oro;[{'label': '98.29% de entregas exitosas'}, {'label': '100% de entregas sin reclamos (sin PNR o lost)'}, {'label': '1,700 puntos'}];BRNPA26;nex;41;36;1;4;0;0;0;4;1;0;36;1;4;0;0;0;2,4;True;0;2,4;True;False;False;0;0;897;838;59;0;41;41;0;36;36;0;1;1;0;1784811929;False;;0;0;False;;0;0;False;;0;0;False;;4;0;False;;0;0;0;False;;0;0;Veículo de Passeio;OBT2B70;343;100;26.09;AM1;;;;173;
412815180;115;started;last_mile;1784814112;0;1733570264;Envios Extra;['residential', 'business'];True;True;False;1784832398.0;False;False;False;False;False;True;False;False;False;me_extra;BRNPA26;SPA1;nex;America/Belem;10;True;[];[160, 167, 169, 168];False;0;4;OK;11;False;0;False;0;False;active;Veículo de Passeio;4902446.0;Ana Lucia Bittencourt Brito;1;0,3;Bronce;[{'label': '96.55% de entregas exitosas'}, {'label': '99.69% de entregas sin reclamos (sin PNR o lost)'}, {'label': '800 puntos'}];BRNPA26;nex;44;33;11;0;0;0;0;10;1;0;33;11;0;0;0;0;25;True;0;25;True;False;False;0;4;860;555;305;0;44;44;0;33;33;0;11;11;0;0;False;;0;0;False;;0;0;False;;0;0;False;;4;0;False;;0;0;0;False;;0;0;Veículo de Passeio;QED7H94;330;100;31.94;AM1;;;;173;
412831294;134;started;last_mile;1784815398;0;1733570264;Envios Extra;['residential'];False;True;False;1784816383.0;False;False;False;False;False;True;False;False;False;me_extra;BRNPA769;SPA1;nex;America/Belem;11;True;[];[167, 169];False;0;0;OK;6;False;0;False;0;False;active;Motocicleta;4485510.0;Marco Aurelio Silva Borges;1;0,1;Oro;[{'label': '96.83% de entregas exitosas'}, {'label': '99.60% de entregas sin reclamos (sin PNR o lost)'}, {'label': '1,400 puntos'}];BRNPA769;nex;38;35;3;0;0;0;0;3;0;0;35;3;0;0;0;0;7,9;True;0;7,9;True;False;False;0;0;838;822;16;0;38;38;0;35;35;0;3;3;0;1784825117;False;;0;0;False;;0;0;False;;0;0;False;;4;0;False;;0;0;0;False;;0;0;Motocicleta;TWJ8J91;237;100;12.11;AM1;;;;170;
412838721;17;started;last_mile;1784828174;0;1733570264;Envios Extra;['residential'];False;True;False;1784830100.0;False;False;False;False;False;True;False;False;False;me_extra;BRNPA193;SPA1;nex;America/Belem;14;True;[];[160];False;0;0;OK;2;False;0;False;0;False;active;Veículo de Passeio;5039930.0;Sharley Costa Amoedo;0;0;Bronce;[{'label': '0% de entregas exitosas'}, {'label': '0% de entregas sin reclamos (sin PNR o lost)'}, {'label': '0 puntos'}];BRNPA193;nex;36;34;1;1;0;0;0;2;0;0;34;1;1;0;0;0;2,8;True;0;2,8;True;False;False;0;0;626;593;33;0;36;36;0;34;34;0;1;1;0;0;False;;0;0;False;;0;0;False;;0;0;False;;4;0;False;;0;0;0;False;;0;0;Veículo de Passeio;QEE9F33;275;100;13.38;AM1;;;;173;
410957520;>J1_PM1;at_destination_facility;last_mile;1784481291;0;59903397;RodaCoop;['residential', 'business'];True;True;False;;False;True;True;False;False;True;False;False;False;driver;EPA5;SPA2;exchange_point;America/Belem;14;False;[];[];False;0;0;;0;True;0;False;0;False;planned;Utilitários;;-;0;0;;;EPA5;exchange_point;128;0;0;128;0;0;0;101;17;0;0;0;128;0;0;0;0;False;0;0;False;False;False;0;0;6407;0;6407;0;128;128;0;0;0;0;0;0;0;0;False;;0;0;False;;0;0;False;;0;0;False;;0;0;False;;0;0;0;False;;0;0;;;345;100;70.85;PM1;FAST_PROMISE;FAST_PROMISE;2026-07-15;2;Utilitários
412026931;H1_PM1;at_destination_facility;last_mile;1784658902;0;59903397;RodaCoop;['residential', 'business'];True;True;False;;False;True;False;False;False;True;False;False;False;driver;EPA5;SPA2;exchange_point;America/Belem;15;False;[];[];False;0;0;;0;True;0;False;0;False;planned;Vuc;;-;0;0;;;EPA5;exchange_point;149;0;0;149;0;0;0;97;2;0;0;0;149;0;0;0;0;False;0;0;False;False;False;0;0;3447;0;3447;0;149;149;0;0;0;0;0;0;0;0;False;;0;0;False;;0;0;False;;0;0;False;;0;0;False;;0;0;0;False;;0;0;;;399;100;178.94;PM1;FAST_PROMISE;FAST_PROMISE;2026-07-17;16;Vuc
412598187;>P1_PM1;at_destination_facility;last_mile;1784743681;0;59903397;RodaCoop;['residential', 'business'];True;True;False;;False;False;False;False;False;True;False;False;False;driver;EPA5;SPA2;exchange_point;America/Belem;15;False;[];[];False;0;0;;0;True;0;False;0;False;planned;Vuc;;-;0;0;;;EPA5;exchange_point;205;0;0;205;0;0;0;137;68;0;0;0;205;0;0;0;0;False;0;0;False;False;False;0;0;2034;0;2034;0;205;205;0;0;0;0;0;0;0;0;False;;0;0;False;;0;0;False;;0;0;False;;0;0;False;;0;0;0;False;;0;0;;;406;100;70.19;PM1;FAST_PROMISE;FAST_PROMISE;2026-07-11;16;Vuc
412648944;>A17_PM1;at_destination_facility;last_mile;1784747298;0;17502440;DHL;['residential', 'business'];True;True;False;;False;False;False;False;False;True;False;False;False;driver;ETO4;SPA2;exchange_point;America/Belem;16;False;[];[];False;0;0;;0;True;0;False;0;False;planned;Utilitários;;-;0;0;;;ETO4;exchange_point;95;0;0;95;0;0;0;69;26;0;0;0;95;0;0;0;0;False;0;0;False;False;False;0;0;1973;0;1973;0;95;95;0;0;0;0;0;0;0;0;False;;0;0;False;;0;0;False;;0;0;False;;0;0;False;;0;0;0;False;;0;0;;;309;100;16.94;PM1;FAST_PROMISE;FAST_PROMISE;2026-07-19;2;Utilitários
412649028;>A15_PM1;at_destination_facility;last_mile;1784747305;0;17502440;DHL;['residential', 'business'];True;True;False;;False;False;False;False;False;True;False;False;False;driver;ETO4;SPA2;exchange_point;America/Belem;16;False;[];[];False;0;0;;0;True;0;False;0;False;planned;Utilitários;;-;0;0;;;ETO4;exchange_point;97;0;0;97;0;0;0;79;18;0;0;0;97;0;0;0;0;False;0;0;False;False;False;0;0;1973;0;1973;0;97;97;0;0;0;0;0;0;0;0;False;;0;0;False;;0;0;False;;0;0;False;;0;0;False;;0;0;0;False;;0;0;;;299;100;12.88;PM1;TODAY_FAST_PROMISE;TODAY_PROMISE;2026-07-24;2;Utilitários
412649196;>A3_PM1;at_destination_facility;last_mile;1784747316;0;17502440;DHL;['residential', 'business'];True;True;False;;False;False;False;False;False;True;False;False;False;driver;ETO4;SPA2;exchange_point;America/Belem;16;False;[];[];False;0;0;;0;True;0;False;0;False;planned;Vuc;;-;0;0;;;ETO4;exchange_point;166;0;0;166;0;0;0;120;46;0;0;0;166;0;0;0;0;False;0;0;False;False;False;0;0;1973;0;1973;0;166;166;0;0;0;0;0;0;0;0;False;;0;0;False;;0;0;False;;0;0;False;;0;0;False;;0;0;0;False;;0;0;;;419;100;25.77;PM1;FAST_PROMISE;FAST_PROMISE;2026-07-22;16;Vuc
412649329;>A19_PM1;at_destination_facility;last_mile;1784747325;0;17502440;DHL;['residential', 'business'];True;True;False;;False;False;False;False;False;True;False;False;False;driver;ETO4;SPA2;exchange_point;America/Belem;16;False;[];[];False;0;0;;0;True;0;False;0;False;planned;Veículo de Passeio;;-;0;0;;;ETO4;exchange_point;96;0;0;96;0;0;0;72;24;0;0;0;96;0;0;0;0;False;0;0;False;False;False;0;0;1973;0;1973;0;96;96;0;0;0;0;0;0;0;0;False;;0;0;False;;0;0;False;;0;0;False;;0;0;False;;0;0;0;False;;0;0;;;379;100;23.45;PM1;FAST_PROMISE;FAST_PROMISE;2026-07-21;11;Veículo de Passeio
412649490;>A16_PM1;at_destination_facility;last_mile;1784747338;0;17502440;DHL;['residential', 'business'];True;True;False;;False;False;False;False;False;True;False;False;False;driver;ETO4;SPA2;exchange_point;America/Belem;16;False;[];[];False;0;0;;0;True;0;False;0;False;planned;Utilitários;;-;0;0;;;ETO4;exchange_point;97;0;0;97;0;0;0;61;36;0;0;0;97;0;0;0;0;False;0;0;False;False;False;0;0;1973;0;1973;0;97;97;0;0;0;0;0;0;0;0;False;;0;0;False;;0;0;False;;0;0;False;;0;0;False;;0;0;0;False;;0;0;;;374;100;74.06;PM1;FAST_PROMISE;FAST_PROMISE;2026-07-16;2;Utilitários
412649644;>A7_PM1;at_destination_facility;last_mile;1784747347;0;17502440;DHL;['residential', 'business'];True;True;False;;False;False;False;False;False;True;False;False;False;driver;ETO4;SPA2;exchange_point;America/Belem;16;False;[];[];False;0;0;;0;True;0;False;0;False;planned;Veículo de Passeio;;-;0;0;;;ETO4;exchange_point;96;0;0;96;0;0;0;64;32;0;0;0;96;0;0;0;0;False;0;0;False;False;False;0;0;1973;0;1973;0;96;96;0;0;0;0;0;0;0;0;False;;0;0;False;;0;0;False;;0;0;False;;0;0;False;;0;0;0;False;;0;0;;;342;100;72.34;PM1;FAST_PROMISE;FAST_PROMISE;2026-07-21;11;Veículo de Passeio
412650316;>A13_PM1;at_destination_facility;last_mile;1784747384;0;17502440;DHL;['residential', 'business'];True;True;False;;False;False;False;False;False;True;False;False;False;driver;ETO4;SPA2;exchange_point;America/Belem;16;False;[];[];False;0;0;;0;True;0;False;0;False;planned;Utilitários;;-;0;0;;;ETO4;exchange_point;98;0;0;98;0;0;0;79;19;0;0;0;98;0;0;0;0;False;0;0;False;False;False;0;0;1972;0;1972;0;98;98;0;0;0;0;0;0;0;0;False;;0;0;False;;0;0;False;;0;0;False;;0;0;False;;0;0;0;False;;0;0;;;379;100;28.36;PM1;FAST_PROMISE;FAST_PROMISE;2026-07-15;2;Utilitários
412650687;>A5_PM1;at_destination_facility;last_mile;1784747406;0;17502440;DHL;['residential', 'business'];True;True;False;;False;False;False;False;False;True;False;False;False;driver;ETO4;SPA2;exchange_point;America/Belem;16;False;[];[];False;0;0;;0;True;0;False;0;False;planned;Vuc;;-;0;0;;;ETO4;exchange_point;135;0;0;135;0;0;0;124;10;0;0;0;135;0;0;0;0;False;0;0;False;False;False;0;0;1972;0;1972;0;135;135;0;0;0;0;0;0;0;0;False;;0;0;False;;0;0;False;;0;0;False;;0;0;False;;0;0;0;False;;0;0;;;415;100;26.21;PM1;FAST_PROMISE;FAST_PROMISE;2026-07-22;16;Vuc
412650925;>A14_PM1;at_destination_facility;last_mile;1784747423;0;17502440;DHL;['residential', 'business'];True;True;False;;False;False;False;False;False;True;False;False;False;driver;ETO4;SPA2;exchange_point;America/Belem;16;False;[];[];False;0;0;;0;True;0;False;0;False;planned;Utilitários;;-;0;0;;;ETO4;exchange_point;98;0;0;98;0;0;0;81;17;0;0;0;98;0;0;0;0;False;0;0;False;False;False;0;0;1971;0;1971;0;98;98;0;0;0;0;0;0;0;0;False;;0;0;False;;0;0;False;;0;0;False;;0;0;False;;0;0;0;False;;0;0;;;298;100;15.99;PM1;FAST_PROMISE;FAST_PROMISE;2026-07-20;2;Utilitários
412651240;>A8_PM1;at_destination_facility;last_mile;1784747441;0;17502440;DHL;['residential', 'business'];True;True;False;;False;False;False;False;False;True;False;False;False;driver;ETO4;SPA2;exchange_point;America/Belem;16;False;[];[];False;0;0;;0;True;0;False;0;False;planned;Veículo de Passeio;;-;0;0;;;ETO4;exchange_point;100;0;0;100;0;0;0;66;33;0;0;0;100;0;0;0;0;False;0;0;False;False;False;0;0;1971;0;1971;0;100;100;0;0;0;0;0;0;0;0;False;;0;0;False;;0;0;False;;0;0;False;;0;0;False;;0;0;0;False;;0;0;;;384;100;29.95;PM1;FAST_PROMISE;FAST_PROMISE;2026-07-23;11;Veículo de Passeio
412652332;>A12_PM1;at_destination_facility;last_mile;1784747513;0;17502440;DHL;['residential', 'business'];True;True;False;;False;False;False;False;False;True;False;False;False;driver;ETO4;SPA2;exchange_point;America/Belem;16;False;[];[];False;0;0;;0;True;0;False;0;False;planned;Veículo de Passeio;;-;0;0;;;ETO4;exchange_point;100;0;0;100;0;0;0;93;7;0;0;0;100;0;0;0;0;False;0;0;False;False;False;0;0;1970;0;1970;0;100;100;0;0;0;0;0;0;0;0;False;;0;0;False;;0;0;False;;0;0;False;;0;0;False;;0;0;0;False;;0;0;;;355;100;19.99;PM1;TODAY_FAST_PROMISE;TODAY_PROMISE;2026-07-24;11;Veículo de Passeio
412653081;>A4_PM1;at_destination_facility;last_mile;1784747565;0;17502440;DHL;['residential', 'business'];True;True;False;;False;False;False;False;False;True;False;False;False;driver;ETO4;SPA2;exchange_point;America/Belem;16;False;[];[];False;0;0;;0;True;0;False;0;False;planned;Van;;-;0;0;;;ETO4;exchange_point;142;0;0;142;0;0;0;123;19;0;0;0;142;0;0;0;0;False;0;0;False;False;False;0;0;1969;0;1969;0;142;142;0;0;0;0;0;0;0;0;False;;0;0;False;;0;0;False;;0;0;False;;0;0;False;;0;0;0;False;;0;0;;;417;100;26.17;PM1;FAST_PROMISE;FAST_PROMISE;2026-07-14;28;Van
412653802;>A2_PM1;at_destination_facility;last_mile;1784747612;0;17502440;DHL;['residential', 'business'];True;True;False;;False;True;False;False;False;True;False;False;False;driver;ETO4;SPA2;exchange_point;America/Belem;16;False;[];[];False;0;0;;0;True;0;False;0;False;planned;Vuc;;-;0;0;;;ETO4;exchange_point;186;0;0;186;0;0;0;84;25;0;0;0;186;0;0;0;0;False;0;0;False;False;False;0;0;1968;0;1968;0;186;186;0;0;0;0;0;0;0;0;False;;0;0;False;;0;0;False;;0;0;False;;0;0;False;;0;0;0;False;;0;0;;;420;100;44.83;PM1;FAST_PROMISE;FAST_PROMISE;2026-06-17;16;Vuc
412654733;>A1_PM1;at_destination_facility;last_mile;1784747684;0;17502440;DHL;['residential', 'business'];True;True;False;;False;True;False;False;False;True;False;False;False;driver;ETO4;SPA2;exchange_point;America/Belem;16;False;[];[];False;0;0;;0;True;0;False;0;False;planned;Vuc;;-;0;0;;;ETO4;exchange_point;360;0;0;360;0;0;0;211;79;0;0;0;360;0;0;0;0;False;0;0;False;False;False;0;0;1967;0;1967;0;360;360;0;0;0;0;0;0;0;0;False;;0;0;False;;0;0;False;;0;0;False;;0;0;False;;0;0;0;False;;0;0;;;424;100;23.79;PM1;FAST_PROMISE;FAST_PROMISE;2026-07-22;16;Vuc
412657050;>B23_PM1;at_destination_facility;last_mile;1784747825;0;17502440;DHL;['residential', 'business'];True;True;False;;False;False;False;False;False;True;False;False;False;driver;ETO4;SPA2;exchange_point;America/Belem;16;False;[];[];False;0;0;;0;True;0;False;0;False;planned;Veículo de Passeio;;-;0;0;;;ETO4;exchange_point;87;0;0;87;0;0;0;75;12;0;0;0;87;0;0;0;0;False;0;0;False;False;False;0;0;1965;0;1965;0;87;87;0;0;0;0;0;0;0;0;False;;0;0;False;;0;0;False;;0;0;False;;0;0;False;;0;0;0;False;;0;0;;;308;100;25.54;PM1;FAST_PROMISE;FAST_PROMISE;2026-07-23;11;Veículo de Passeio
412657092;>B21_PM1;at_destination_facility;last_mile;1784747830;0;17502440;DHL;['residential', 'business'];True;True;False;;False;False;False;False;False;True;False;False;False;driver;ETO4;SPA2;exchange_point;America/Belem;16;False;[];[];False;0;0;;0;True;0;False;0;False;planned;Utilitários;;-;0;0;;;ETO4;exchange_point;85;0;0;85;0;0;0;78;7;0;0;0;85;0;0;0;0;False;0;0;False;False;False;0;0;1965;0;1965;0;85;85;0;0;0;0;0;0;0;0;False;;0;0;False;;0;0;False;;0;0;False;;0;0;False;;0;0;0;False;;0;0;;;399;100;49.54;PM1;FAST_PROMISE;FAST_PROMISE;2026-07-16;2;Utilitários
412658898;>B22_PM1;at_destination_facility;last_mile;1784747994;0;17502440;DHL;['residential', 'business'];True;True;False;;False;False;False;False;False;True;False;False;False;driver;ETO4;SPA2;exchange_point;America/Belem;16;False;[];[];False;0;0;;0;True;0;False;0;False;planned;Veículo de Passeio;;-;0;0;;;ETO4;exchange_point;87;0;0;87;0;0;0;63;24;0;0;0;87;0;0;0;0;False;0;0;False;False;False;0;0;1962;0;1962;0;87;87;0;0;0;0;0;0;0;0;False;;0;0;False;;0;0;False;;0;0;False;;0;0;False;;0;0;0;False;;0;0;;;340;100;73.68;PM1;FAST_PROMISE;FAST_PROMISE;2026-07-22;11;Veículo de Passeio
412658961;>B19_PM1;at_destination_facility;last_mile;1784748001;0;17502440;DHL;['residential', 'business'];True;True;False;;False;False;False;False;False;True;False;False;False;driver;ETO4;SPA2;exchange_point;America/Belem;16;False;[];[];False;0;0;;0;True;0;False;0;False;planned;Utilitários;;-;0;0;;;ETO4;exchange_point;99;0;0;99;0;0;0;45;54;0;0;0;99;0;0;0;0;False;0;0;False;False;False;0;0;1962;0;1962;0;99;99;0;0;0;0;0;0;0;0;False;;0;0;False;;0;0;False;;0;0;False;;0;0;False;;0;0;0;False;;0;0;;;230;100;13.29;PM1;FAST_PROMISE;FAST_PROMISE;2026-07-23;2;Utilitários
412659654;>B15_PM1;at_destination_facility;last_mile;1784748055;0;17502440;DHL;['residential', 'business'];True;True;False;;False;False;False;False;False;True;False;False;False;driver;ETO4;SPA2;exchange_point;America/Belem;16;False;[];[];False;0;0;;0;True;0;False;0;False;planned;Utilitários;;-;0;0;;;ETO4;exchange_point;96;0;0;96;0;0;0;82;14;0;0;0;96;0;0;0;0;False;0;0;False;False;False;0;0;1961;0;1961;0;96;96;0;0;0;0;0;0;0;0;False;;0;0;False;;0;0;False;;0;0;False;;0;0;False;;0;0;0;False;;0;0;;;313;100;19.66;PM1;FAST_PROMISE;FAST_PROMISE;2026-07-22;2;Utilitários
412659801;>B17_PM1;at_destination_facility;last_mile;1784748062;0;17502440;DHL;['residential', 'business'];True;True;False;;False;False;False;False;False;True;False;False;False;driver;ETO4;SPA2;exchange_point;America/Belem;16;False;[];[];False;0;0;;0;True;0;False;0;False;planned;Utilitários;;-;0;0;;;ETO4;exchange_point;95;0;0;95;0;0;0;39;56;0;0;0;95;0;0;0;0;False;0;0;False;False;False;0;0;1961;0;1961;0;95;95;0;0;0;0;0;0;0;0;False;;0;0;False;;0;0;False;;0;0;False;;0;0;False;;0;0;0;False;;0;0;;;265;100;14.67;PM1;FAST_PROMISE;FAST_PROMISE;2026-07-12;2;Utilitários
412660935;>B16_PM1;at_destination_facility;last_mile;1784748145;0;17502440;DHL;['residential', 'business'];True;True;False;;False;False;False;False;False;True;False;False;False;driver;ETO4;SPA2;exchange_point;America/Belem;16;False;[];[];False;0;0;;0;True;0;False;0;False;planned;Utilitários;;-;0;0;;;ETO4;exchange_point;96;0;0;96;0;0;0;88;8;0;0;0;96;0;0;0;0;False;0;0;False;False;False;0;0;1959;0;1959;0;96;96;0;0;0;0;0;0;0;0;False;;0;0;False;;0;0;False;;0;0;False;;0;0;False;;0;0;0;False;;0;0;;;250;100;15.01;PM1;FAST_PROMISE;FAST_PROMISE;2026-07-11;2;Utilitários
412661768;>B13_PM1;at_destination_facility;last_mile;1784748207;0;17502440;DHL;['residential', 'business'];True;True;False;;False;False;False;False;False;True;False;False;False;driver;ETO4;SPA2;exchange_point;America/Belem;16;False;[];[];False;0;0;;0;True;0;False;0;False;planned;Utilitários;;-;0;0;;;ETO4;exchange_point;98;0;0;98;0;0;0;83;15;0;0;0;98;0;0;0;0;False;0;0;False;False;False;0;0;1958;0;1958;0;98;98;0;0;0;0;0;0;0;0;False;;0;0;False;;0;0;False;;0;0;False;;0;0;False;;0;0;0;False;;0;0;;;419;100;24.17;PM1;FAST_PROMISE;FAST_PROMISE;2026-07-19;2;Utilitários
412662594;>B11_PM1;at_destination_facility;last_mile;1784748267;0;17502440;DHL;['residential', 'business'];True;True;False;;False;False;False;False;False;True;False;False;False;driver;ETO4;SPA2;exchange_point;America/Belem;16;False;[];[];False;0;0;;0;True;0;False;0;False;planned;Veículo de Passeio;;-;0;0;;;ETO4;exchange_point;99;0;0;99;0;0;0;68;31;0;0;0;99;0;0;0;0;False;0;0;False;False;False;0;0;1957;0;1957;0;99;99;0;0;0;0;0;0;0;0;False;;0;0;False;;0;0;False;;0;0;False;;0;0;False;;0;0;0;False;;0;0;;;402;100;53.06;PM1;FAST_PROMISE;FAST_PROMISE;2026-07-18;11;Veículo de Passeio
412664351;>B10_PM1;at_destination_facility;last_mile;1784748401;0;17502440;DHL;['residential', 'business'];True;True;False;;False;False;False;False;False;True;False;False;False;driver;ETO4;SPA2;exchange_point;America/Belem;16;False;[];[];False;0;0;;0;True;0;False;0;False;planned;Veículo de Passeio;;-;0;0;;;ETO4;exchange_point;99;0;0;99;0;0;0;84;15;0;0;0;99;0;0;0;0;False;0;0;False;False;False;0;0;1955;0;1955;0;99;99;0;0;0;0;0;0;0;0;False;;0;0;False;;0;0;False;;0;0;False;;0;0;False;;0;0;0;False;;0;0;;;350;100;18.96;PM1;TODAY_FAST_PROMISE;TODAY_PROMISE;2026-07-24;11;Veículo de Passeio
412664456;>B9_PM1;at_destination_facility;last_mile;1784748411;0;17502440;DHL;['residential', 'business'];True;True;False;;False;False;False;False;False;True;False;False;False;driver;ETO4;SPA2;exchange_point;America/Belem;16;False;[];[];False;0;0;;0;True;0;False;0;False;planned;Veículo de Passeio;;-;0;0;;;ETO4;exchange_point;96;0;0;96;0;0;0;82;14;0;0;0;96;0;0;0;0;False;0;0;False;False;False;0;0;1955;0;1955;0;96;96;0;0;0;0;0;0;0;0;False;;0;0;False;;0;0;False;;0;0;False;;0;0;False;;0;0;0;False;;0;0;;;319;100;21.31;PM1;FAST_PROMISE;FAST_PROMISE;2026-07-23;11;Veículo de Passeio
412664666;>B7_PM1;at_destination_facility;last_mile;1784748430;0;17502440;DHL;['residential', 'business'];True;True;False;;False;False;False;False;False;True;False;False;False;driver;ETO4;SPA2;exchange_point;America/Belem;16;False;[];[];False;0;0;;0;True;0;False;0;False;planned;Veículo de Passeio;;-;0;0;;;ETO4;exchange_point;97;0;0;97;0;0;0;92;5;0;0;0;97;0;0;0;0;False;0;0;False;False;False;0;0;1955;0;1955;0;97;97;0;0;0;0;0;0;0;0;False;;0;0;False;;0;0;False;;0;0;False;;0;0;False;;0;0;0;False;;0;0;;;333;100;21.55;PM1;FAST_PROMISE;FAST_PROMISE;2026-07-20;11;Veículo de Passeio
412664932;>B8_PM1;at_destination_facility;last_mile;1784748453;0;17502440;DHL;['residential', 'business'];True;True;False;;False;False;False;False;False;True;False;False;False;driver;ETO4;SPA2;exchange_point;America/Belem;16;False;[];[];False;0;0;;0;True;0;False;0;False;planned;Veículo de Passeio;;-;0;0;;;ETO4;exchange_point;100;0;0;100;0;0;0;84;16;0;0;0;100;0;0;0;0;False;0;0;False;False;False;0;0;1954;0;1954;0;100;100;0;0;0;0;0;0;0;0;False;;0;0;False;;0;0;False;;0;0;False;;0;0;False;;0;0;0;False;;0;0;;;308;100;46.17;PM1;FAST_PROMISE;FAST_PROMISE;2026-07-23;11;Veículo de Passeio
412666633;>Q14_PM1;at_destination_facility;last_mile;1784748601;0;17502440;DHL;['residential', 'business'];True;True;False;;False;False;False;False;False;True;False;False;False;driver;ETO4;SPA2;exchange_point;America/Belem;16;False;[];[];False;0;0;;0;True;0;False;0;False;planned;Veículo de Passeio;;-;0;0;;;ETO4;exchange_point;46;0;0;46;0;0;0;39;7;0;0;0;46;0;0;0;0;False;0;0;False;False;False;0;0;1952;0;1952;0;46;46;0;0;0;0;0;0;0;0;False;;0;0;False;;0;0;False;;0;0;False;;0;0;False;;0;0;0;False;;0;0;;;207;100;31.48;PM1;FAST_PROMISE;FAST_PROMISE;2026-07-20;11;Veículo de Passeio
412666717;>Q16_PM1;at_destination_facility;last_mile;1784748609;0;17502440;DHL;['residential', 'business'];True;True;False;;False;False;False;False;False;True;False;False;False;driver;ETO4;SPA2;exchange_point;America/Belem;16;False;[];[];False;0;0;;0;True;0;False;0;False;planned;Veículo de Passeio;;-;0;0;;;ETO4;exchange_point;99;0;0;99;0;0;0;71;28;0;0;0;99;0;0;0;0;False;0;0;False;False;False;0;0;1952;0;1952;0;99;99;0;0;0;0;0;0;0;0;False;;0;0;False;;0;0;False;;0;0;False;;0;0;False;;0;0;0;False;;0;0;;;389;100;22.04;PM1;FAST_PROMISE;FAST_PROMISE;2026-07-22;11;Veículo de Passeio
412667025;>Q15_PM1;at_destination_facility;last_mile;1784748638;0;17502440;DHL;['residential', 'business'];True;True;False;;False;False;False;False;False;True;False;False;False;driver;ETO4;SPA2;exchange_point;America/Belem;16;False;[];[];False;0;0;;0;True;0;False;0;False;planned;Veículo de Passeio;;-;0;0;;;ETO4;exchange_point;99;0;0;99;0;0;0;92;7;0;0;0;99;0;0;0;0;False;0;0;False;False;False;0;0;1951;0;1951;0;99;99;0;0;0;0;0;0;0;0;False;;0;0;False;;0;0;False;;0;0;False;;0;0;False;;0;0;0;False;;0;0;;;339;100;22.16;PM1;FAST_PROMISE;FAST_PROMISE;2026-07-20;11;Veículo de Passeio
412667459;>B6_PM1;at_destination_facility;last_mile;1784748667;0;17502440;DHL;['residential', 'business'];True;True;False;;False;False;False;False;False;True;False;False;False;driver;ETO4;SPA2;exchange_point;America/Belem;16;False;[];[];False;0;0;;0;True;0;False;0;False;planned;Veículo de Passeio;;-;0;0;;;ETO4;exchange_point;97;0;0;97;0;0;0;82;15;0;0;0;97;0;0;0;0;False;0;0;False;False;False;0;0;1951;0;1951;0;97;97;0;0;0;0;0;0;0;0;False;;0;0;False;;0;0;False;;0;0;False;;0;0;False;;0;0;0;False;;0;0;;;395;100;21.3;PM1;FAST_PROMISE;FAST_PROMISE;2026-07-18;11;Veículo de Passeio
412667571;>B5_PM1;at_destination_facility;last_mile;1784748676;0;17502440;DHL;['residential', 'business'];True;True;False;;False;False;False;False;False;True;False;False;False;driver;ETO4;SPA2;exchange_point;America/Belem;16;False;[];[];False;0;0;;0;True;0;False;0;False;planned;Veículo de Passeio;;-;0;0;;;ETO4;exchange_point;96;0;0;96;0;0;0;91;5;0;0;0;96;0;0;0;0;False;0;0;False;False;False;0;0;1950;0;1950;0;96;96;0;0;0;0;0;0;0;0;False;;0;0;False;;0;0;False;;0;0;False;;0;0;False;;0;0;0;False;;0;0;;;394;100;17.52;PM1;FAST_PROMISE;FAST_PROMISE;2026-07-18;11;Veículo de Passeio
412667746;>B4_PM1;at_destination_facility;last_mile;1784748690;0;17502440;DHL;['residential', 'business'];True;True;False;;False;False;False;False;False;True;False;False;False;driver;ETO4;SPA2;exchange_point;America/Belem;16;False;[];[];False;0;0;;0;True;0;False;0;False;planned;Veículo de Passeio;;-;0;0;;;ETO4;exchange_point;98;0;0;98;0;0;0;92;6;0;0;0;98;0;0;0;0;False;0;0;False;False;False;0;0;1950;0;1950;0;98;98;0;0;0;0;0;0;0;0;False;;0;0;False;;0;0;False;;0;0;False;;0;0;False;;0;0;0;False;;0;0;;;362;100;27.54;PM1;FAST_PROMISE;FAST_PROMISE;2026-07-16;11;Veículo de Passeio
412667851;>B3_PM1;at_destination_facility;last_mile;1784748699;0;17502440;DHL;['residential', 'business'];True;True;False;;False;False;False;False;False;True;False;False;False;driver;ETO4;SPA2;exchange_point;America/Belem;16;False;[];[];False;0;0;;0;True;0;False;0;False;planned;Veículo de Passeio;;-;0;0;;;ETO4;exchange_point;98;0;0;98;0;0;0;88;10;0;0;0;98;0;0;0;0;False;0;0;False;False;False;0;0;1950;0;1950;0;98;98;0;0;0;0;0;0;0;0;False;;0;0;False;;0;0;False;;0;0;False;;0;0;False;;0;0;0;False;;0;0;;;321;100;22.48;PM1;FAST_PROMISE;FAST_PROMISE;2026-07-23;11;Veículo de Passeio
412668124;>Q12_PM1;at_destination_facility;last_mile;1784748722;0;17502440;DHL;['residential', 'business'];True;True;False;;False;False;False;False;False;True;False;False;False;driver;ETO4;SPA2;exchange_point;America/Belem;16;False;[];[];False;0;0;;0;True;0;False;0;False;planned;Veículo de Passeio;;-;0;0;;;ETO4;exchange_point;94;0;0;94;0;0;0;88;6;0;0;0;94;0;0;0;0;False;0;0;False;False;False;0;0;1950;0;1950;0;94;94;0;0;0;0;0;0;0;0;False;;0;0;False;;0;0;False;;0;0;False;;0;0;False;;0;0;0;False;;0;0;;;342;100;17.64;PM1;FAST_PROMISE;FAST_PROMISE;2026-07-19;11;Veículo de Passeio
412668264;>B18_PM1;at_destination_facility;last_mile;1784748728;0;17502440;DHL;['residential', 'business'];True;True;False;;False;False;False;False;False;True;False;False;False;driver;ETO4;SPA2;exchange_point;America/Belem;16;False;[];[];False;0;0;;0;True;0;False;0;False;planned;Utilitários;;-;0;0;;;ETO4;exchange_point;99;0;0;99;0;0;0;87;12;0;0;0;99;0;0;0;0;False;0;0;False;False;False;0;0;1950;0;1950;0;99;99;0;0;0;0;0;0;0;0;False;;0;0;False;;0;0;False;;0;0;False;;0;0;False;;0;0;0;False;;0;0;;;268;100;16.74;PM1;FAST_PROMISE;FAST_PROMISE;2026-07-18;2;Utilitários
412668831;>Q13_PM1;at_destination_facility;last_mile;1784748780;0;17502440;DHL;['residential', 'business'];True;True;False;;False;False;False;False;False;True;False;False;False;driver;ETO4;SPA2;exchange_point;America/Belem;16;False;[];[];False;0;0;;0;True;0;False;0;False;planned;Van;;-;0;0;;;ETO4;exchange_point;53;0;0;53;0;0;0;39;14;0;0;0;53;0;0;0;0;False;0;0;False;False;False;0;0;1949;0;1949;0;53;53;0;0;0;0;0;0;0;0;False;;0;0;False;;0;0;False;;0;0;False;;0;0;False;;0;0;0;False;;0;0;;;418;100;135.18;PM1;FAST_PROMISE;FAST_PROMISE;2026-07-10;28;Van
412668929;>Q10_PM1;at_destination_facility;last_mile;1784748788;0;17502440;DHL;['residential', 'business'];True;True;False;;False;False;False;False;False;True;False;False;False;driver;ETO4;SPA2;exchange_point;America/Belem;16;False;[];[];False;0;0;;0;True;0;False;0;False;planned;Utilitários;;-;0;0;;;ETO4;exchange_point;89;0;0;89;0;0;0;53;36;0;0;0;89;0;0;0;0;False;0;0;False;False;False;0;0;1949;0;1949;0;89;89;0;0;0;0;0;0;0;0;False;;0;0;False;;0;0;False;;0;0;False;;0;0;False;;0;0;0;False;;0;0;;;348;100;21.58;PM1;FAST_PROMISE;FAST_PROMISE;2026-07-16;2;Utilitários
412669125;>B1_PM1;at_destination_facility;last_mile;1784748806;0;17502440;DHL;['residential', 'business'];True;True;False;;False;False;False;False;False;True;False;False;False;driver;ETO4;SPA2;exchange_point;America/Belem;16;False;[];[];False;0;0;;0;True;0;False;0;False;planned;Veículo de Passeio;;-;0;0;;;ETO4;exchange_point;98;0;0;98;0;0;0;88;10;0;0;0;98;0;0;0;0;False;0;0;False;False;False;0;0;1948;0;1948;0;98;98;0;0;0;0;0;0;0;0;False;;0;0;False;;0;0;False;;0;0;False;;0;0;False;;0;0;0;False;;0;0;;;372;100;44.68;PM1;FAST_PROMISE;FAST_PROMISE;2026-07-21;11;Veículo de Passeio
412669202;>B2_PM1;at_destination_facility;last_mile;1784748812;0;17502440;DHL;['residential', 'business'];True;True;False;;False;False;False;False;False;True;False;False;False;driver;ETO4;SPA2;exchange_point;America/Belem;16;False;[];[];False;0;0;;0;True;0;False;0;False;planned;Veículo de Passeio;;-;0;0;;;ETO4;exchange_point;99;0;0;99;0;0;0;89;10;0;0;0;99;0;0;0;0;False;0;0;False;False;False;0;0;1948;0;1948;0;99;99;0;0;0;0;0;0;0;0;False;;0;0;False;;0;0;False;;0;0;False;;0;0;False;;0;0;0;False;;0;0;;;403;100;43.89;PM1;FAST_PROMISE;FAST_PROMISE;2026-07-14;11;Veículo de Passeio
412672597;>Q2_PM1;at_destination_facility;last_mile;1784749105;0;17502440;DHL;['residential', 'business'];True;True;False;;False;False;False;False;False;True;False;False;False;driver;ETO4;SPA2;exchange_point;America/Belem;16;False;[];[];False;0;0;;0;True;0;False;0;False;planned;Vuc;;-;0;0;;;ETO4;exchange_point;184;0;0;184;0;0;0;121;63;0;0;0;184;0;0;0;0;False;0;0;False;False;False;0;0;1943;0;1943;0;184;184;0;0;0;0;0;0;0;0;False;;0;0;False;;0;0;False;;0;0;False;;0;0;False;;0;0;0;False;;0;0;;;419;100;27.41;PM1;TODAY_FAST_PROMISE;TODAY_PROMISE;2026-07-24;16;Vuc
412672625;>Q3_PM1;at_destination_facility;last_mile;1784749109;0;17502440;DHL;['residential', 'business'];True;True;False;;False;True;False;False;False;True;False;False;False;driver;ETO4;SPA2;exchange_point;America/Belem;16;False;[];[];False;0;0;;0;True;0;False;0;False;planned;Vuc;;-;0;0;;;ETO4;exchange_point;89;0;0;89;0;0;0;69;13;0;0;0;89;0;0;0;0;False;0;0;False;False;False;0;0;1943;0;1943;0;89;89;0;0;0;0;0;0;0;0;False;;0;0;False;;0;0;False;;0;0;False;;0;0;False;;0;0;0;False;;0;0;;;420;100;38.83;PM1;FAST_PROMISE;FAST_PROMISE;2026-07-15;16;Vuc
412672709;>Q5_PM1;at_destination_facility;last_mile;1784749117;0;17502440;DHL;['residential', 'business'];True;True;False;;False;False;False;False;False;True;False;False;False;driver;ETO4;SPA2;exchange_point;America/Belem;16;False;[];[];False;0;0;;0;True;0;False;0;False;planned;Veículo de Passeio;;-;0;0;;;ETO4;exchange_point;99;0;0;99;0;0;0;90;9;0;0;0;99;0;0;0;0;False;0;0;False;False;False;0;0;1943;0;1943;0;99;99;0;0;0;0;0;0;0;0;False;;0;0;False;;0;0;False;;0;0;False;;0;0;False;;0;0;0;False;;0;0;;;299;100;16.87;PM1;FAST_PROMISE;FAST_PROMISE;2026-07-21;11;Veículo de Passeio
412672807;>Q7_PM1;at_destination_facility;last_mile;1784749124;0;17502440;DHL;['residential', 'business'];True;True;False;;False;False;False;False;False;True;False;False;False;driver;ETO4;SPA2;exchange_point;America/Belem;16;False;[];[];False;0;0;;0;True;0;False;0;False;planned;Utilitários;;-;0;0;;;ETO4;exchange_point;96;0;0;96;0;0;0;70;25;0;0;0;96;0;0;0;0;False;0;0;False;False;False;0;0;1943;0;1943;0;96;96;0;0;0;0;0;0;0;0;False;;0;0;False;;0;0;False;;0;0;False;;0;0;False;;0;0;0;False;;0;0;;;347;100;30.32;PM1;FAST_PROMISE;FAST_PROMISE;2026-07-23;2;Utilitários
412672919;>Q8_PM1;at_destination_facility;last_mile;1784749133;0;17502440;DHL;['residential', 'business'];True;True;False;;False;False;False;False;False;True;False;False;False;driver;ETO4;SPA2;exchange_point;America/Belem;16;False;[];[];False;0;0;;0;True;0;False;0;False;planned;Utilitários;;-;0;0;;;ETO4;exchange_point;97;0;0;97;0;0;0;78;19;0;0;0;97;0;0;0;0;False;0;0;False;False;False;0;0;1943;0;1943;0;97;97;0;0;0;0;0;0;0;0;False;;0;0;False;;0;0;False;;0;0;False;;0;0;False;;0;0;0;False;;0;0;;;311;100;49.27;PM1;FAST_PROMISE;FAST_PROMISE;2026-07-21;2;Utilitários
412672968;>Q9_PM1;at_destination_facility;last_mile;1784749138;0;17502440;DHL;['residential', 'business'];True;True;False;;False;False;False;False;False;True;False;False;False;driver;ETO4;SPA2;exchange_point;America/Belem;16;False;[];[];False;0;0;;0;True;0;False;0;False;planned;Utilitários;;-;0;0;;;ETO4;exchange_point;97;0;0;97;0;0;0;92;5;0;0;0;97;0;0;0;0;False;0;0;False;False;False;0;0;1943;0;1943;0;97;97;0;0;0;0;0;0;0;0;False;;0;0;False;;0;0;False;;0;0;False;;0;0;False;;0;0;0;False;;0;0;;;315;100;22.91;PM1;FAST_PROMISE;FAST_PROMISE;2026-07-13;2;Utilitários
412673108;>Q11_PM1;at_destination_facility;last_mile;1784749148;0;17502440;DHL;['residential', 'business'];True;True;False;;False;False;False;False;False;True;False;False;False;driver;ETO4;SPA2;exchange_point;America/Belem;16;False;[];[];False;0;0;;0;True;0;False;0;False;planned;Utilitários;;-;0;0;;;ETO4;exchange_point;97;0;0;97;0;0;0;89;8;0;0;0;97;0;0;0;0;False;0;0;False;False;False;0;0;1943;0;1943;0;97;97;0;0;0;0;0;0;0;0;False;;0;0;False;;0;0;False;;0;0;False;;0;0;False;;0;0;0;False;;0;0;;;347;100;20.21;PM1;FAST_PROMISE;FAST_PROMISE;2026-07-22;2;Utilitários
412673171;>Q6_PM1;at_destination_facility;last_mile;1784749154;0;17502440;DHL;['residential', 'business'];True;True;False;;False;False;False;False;False;True;False;False;False;driver;ETO4;SPA2;exchange_point;America/Belem;16;False;[];[];False;0;0;;0;True;0;False;0;False;planned;Utilitários;;-;0;0;;;ETO4;exchange_point;94;0;0;94;0;0;0;79;15;0;0;0;94;0;0;0;0;False;0;0;False;False;False;0;0;1943;0;1943;0;94;94;0;0;0;0;0;0;0;0;False;;0;0;False;;0;0;False;;0;0;False;;0;0;False;;0;0;0;False;;0;0;;;295;100;42.82;PM1;TODAY_FAST_PROMISE;TODAY_PROMISE;2026-07-24;2;Utilitários
412673234;>Q4_PM1;at_destination_facility;last_mile;1784749158;0;17502440;DHL;['residential', 'business'];True;True;False;;False;False;False;False;False;True;False;False;False;driver;ETO4;SPA2;exchange_point;America/Belem;16;False;[];[];False;0;0;;0;True;0;False;0;False;planned;Veículo de Passeio;;-;0;0;;;ETO4;exchange_point;95;0;0;95;0;0;0;86;9;0;0;0;95;0;0;0;0;False;0;0;False;False;False;0;0;1942;0;1942;0;95;95;0;0;0;0;0;0;0;0;False;;0;0;False;;0;0;False;;0;0;False;;0;0;False;;0;0;0;False;;0;0;;;322;100;19.92;PM1;FAST_PROMISE;FAST_PROMISE;2026-07-22;11;Veículo de Passeio
412677784;>H5_PM1;at_destination_facility;last_mile;1784749565;0;59903397;RodaCoop;['residential', 'business'];True;True;False;;False;False;False;False;False;True;False;False;False;driver;EPA5;SPA2;exchange_point;America/Belem;16;False;[];[];False;0;0;;0;True;0;False;0;False;planned;Vuc;;-;0;0;;;EPA5;exchange_point;117;0;0;117;0;0;0;73;44;0;0;0;117;0;0;0;0;False;0;0;False;False;False;0;0;1936;0;1936;0;117;117;0;0;0;0;0;0;0;0;False;;0;0;False;;0;0;False;;0;0;False;;0;0;False;;0;0;0;False;;0;0;;;418;100;105.78;PM1;FAST_PROMISE;FAST_PROMISE;2026-07-20;16;Vuc
412677931;>H2_PM1;at_destination_facility;last_mile;1784749576;0;59903397;RodaCoop;['residential', 'business'];True;True;False;;False;False;False;False;False;True;False;False;False;driver;EPA5;SPA2;exchange_point;America/Belem;16;False;[];[];False;0;0;;0;True;0;False;0;False;planned;Vuc;;-;0;0;;;EPA5;exchange_point;136;0;0;136;0;0;0;88;48;0;0;0;136;0;0;0;0;False;0;0;False;False;False;0;0;1935;0;1935;0;136;136;0;0;0;0;0;0;0;0;False;;0;0;False;;0;0;False;;0;0;False;;0;0;False;;0;0;0;False;;0;0;;;400;100;73.29;PM1;FAST_PROMISE;FAST_PROMISE;2026-07-15;16;Vuc
412683279;>Q1_PM1;at_destination_facility;last_mile;1784750138;0;17502440;DHL;['residential', 'business'];True;True;False;;False;True;False;False;False;True;False;False;False;driver;ETO4;SPA2;exchange_point;America/Belem;16;False;[];[];False;0;0;;0;True;0;False;0;False;planned;Vuc;;-;0;0;;;ETO4;exchange_point;224;0;0;224;0;0;0;32;22;0;0;0;224;0;0;0;0;False;0;0;False;False;False;0;0;1926;0;1926;0;224;224;0;0;0;0;0;0;0;0;False;;0;0;False;;0;0;False;;0;0;False;;0;0;False;;0;0;0;False;;0;0;;;420;100;34.15;PM1;FAST_PROMISE;FAST_PROMISE;2026-07-21;16;Vuc
412683335;>B20_PM1;at_destination_facility;last_mile;1784750150;0;17502440;DHL;['residential', 'business'];True;True;False;;False;False;False;False;False;True;False;False;False;driver;ETO4;SPA2;exchange_point;America/Belem;16;False;[];[];False;0;0;;0;True;0;False;0;False;planned;Veículo de Passeio;;-;0;0;;;ETO4;exchange_point;97;0;0;97;0;0;0;85;12;0;0;0;97;0;0;0;0;False;0;0;False;False;False;0;0;1926;0;1926;0;97;97;0;0;0;0;0;0;0;0;False;;0;0;False;;0;0;False;;0;0;False;;0;0;False;;0;0;0;False;;0;0;;;347;100;73.71;PM1;FAST_PROMISE;FAST_PROMISE;2026-07-18;11;Veículo de Passeio
412683461;>B12_PM1;at_destination_facility;last_mile;1784750162;0;17502440;DHL;['residential', 'business'];True;True;False;;False;False;False;False;False;True;False;False;False;driver;ETO4;SPA2;exchange_point;America/Belem;16;False;[];[];False;0;0;;0;True;0;False;0;False;planned;Utilitários;;-;0;0;;;ETO4;exchange_point;94;0;0;94;0;0;0;78;16;0;0;0;94;0;0;0;0;False;0;0;False;False;False;0;0;1926;0;1926;0;94;94;0;0;0;0;0;0;0;0;False;;0;0;False;;0;0;False;;0;0;False;;0;0;False;;0;0;0;False;;0;0;;;346;100;20.08;PM1;FAST_PROMISE;FAST_PROMISE;2026-07-21;2;Utilitários
412702697;>C2_PM1;at_destination_facility;last_mile;1784752827;0;17502440;DHL;['residential', 'business'];True;True;False;;False;True;False;False;False;True;False;False;False;driver;EPA7;SPA2;exchange_point;America/Belem;17;False;[];[];False;0;0;;0;True;0;False;0;False;planned;Utilitários;;-;0;0;;;EPA7;exchange_point;148;0;0;148;0;0;0;123;22;0;0;0;148;0;0;0;0;False;0;0;False;False;False;0;0;1881;0;1881;0;148;148;0;0;0;0;0;0;0;0;False;;0;0;False;;0;0;False;;0;0;False;;0;0;False;;0;0;0;False;;0;0;;;282;100;10.24;PM1;TODAY_FAST_PROMISE;TODAY_PROMISE;2026-07-24;2;Utilitários
412702795;>C27_PM1;at_destination_facility;last_mile;1784752845;0;17502440;DHL;['residential', 'business'];True;True;False;;False;False;False;False;False;True;False;False;False;driver;EPA7;SPA2;exchange_point;America/Belem;17;False;[];[];False;0;0;;0;True;0;False;0;False;planned;Utilitários;;-;0;0;;;EPA7;exchange_point;94;0;0;94;0;0;0;89;5;0;0;0;94;0;0;0;0;False;0;0;False;False;False;0;0;1881;0;1881;0;94;94;0;0;0;0;0;0;0;0;False;;0;0;False;;0;0;False;;0;0;False;;0;0;False;;0;0;0;False;;0;0;;;299;100;15.2;PM1;FAST_PROMISE;FAST_PROMISE;2026-07-21;2;Utilitários
412703124;>C6_PM1;at_destination_facility;last_mile;1784752913;0;17502440;DHL;['residential', 'business'];True;True;False;;False;False;False;False;False;True;False;False;False;driver;EPA7;SPA2;exchange_point;America/Belem;17;False;[];[];False;0;0;;0;True;0;False;0;False;planned;Utilitários;;-;0;0;;;EPA7;exchange_point;98;0;0;98;0;0;0;60;38;0;0;0;98;0;0;0;0;False;0;0;False;False;False;0;0;1880;0;1880;0;98;98;0;0;0;0;0;0;0;0;False;;0;0;False;;0;0;False;;0;0;False;;0;0;False;;0;0;0;False;;0;0;;;267;100;16.29;PM1;FAST_PROMISE;FAST_PROMISE;2026-07-22;2;Utilitários
412703159;>C9_PM1;at_destination_facility;last_mile;1784752921;0;17502440;DHL;['residential', 'business'];True;True;False;;False;False;False;False;False;True;False;False;False;driver;EPA7;SPA2;exchange_point;America/Belem;17;False;[];[];False;0;0;;0;True;0;False;0;False;planned;Utilitários;;-;0;0;;;EPA7;exchange_point;94;0;0;94;0;0;0;76;18;0;0;0;94;0;0;0;0;False;0;0;False;False;False;0;0;1880;0;1880;0;94;94;0;0;0;0;0;0;0;0;False;;0;0;False;;0;0;False;;0;0;False;;0;0;False;;0;0;0;False;;0;0;;;324;100;20.26;PM1;FAST_PROMISE;FAST_PROMISE;2026-07-20;2;Utilitários
412703292;>F19_PM1;at_destination_facility;last_mile;1784752949;0;17502440;DHL;['residential', 'business'];True;True;False;;False;False;False;False;False;True;False;False;False;driver;EPA7;SPA2;exchange_point;America/Belem;17;False;[];[];False;0;0;;0;True;0;False;0;False;planned;Utilitários;;-;0;0;;;EPA7;exchange_point;99;0;0;99;0;0;0;92;7;0;0;0;99;0;0;0;0;False;0;0;False;False;False;0;0;1879;0;1879;0;99;99;0;0;0;0;0;0;0;0;False;;0;0;False;;0;0;False;;0;0;False;;0;0;False;;0;0;0;False;;0;0;;;297;100;11.62;PM1;FAST_PROMISE;FAST_PROMISE;2026-07-20;2;Utilitários
412704496;>C25_PM1;at_destination_facility;last_mile;1784753218;0;17502440;DHL;['residential', 'business'];True;True;False;;False;False;False;False;False;True;False;False;False;driver;EPA7;SPA2;exchange_point;America/Belem;17;False;[];[];False;0;0;;0;True;0;False;0;False;planned;Utilitários;;-;0;0;;;EPA7;exchange_point;97;0;0;97;0;0;0;46;51;0;0;0;97;0;0;0;0;False;0;0;False;False;False;0;0;1875;0;1875;0;97;97;0;0;0;0;0;0;0;0;False;;0;0;False;;0;0;False;;0;0;False;;0;0;False;;0;0;0;False;;0;0;;;324;100;14.0;PM1;FAST_PROMISE;FAST_PROMISE;2026-07-23;2;Utilitários
412704510;>C3_PM1;at_destination_facility;last_mile;1784753221;0;17502440;DHL;['residential', 'business'];True;True;False;;False;False;False;False;False;True;False;False;False;driver;EPA7;SPA2;exchange_point;America/Belem;17;False;[];[];False;0;0;;0;True;0;False;0;False;planned;Utilitários;;-;0;0;;;EPA7;exchange_point;96;0;0;96;0;0;0;82;14;0;0;0;96;0;0;0;0;False;0;0;False;False;False;0;0;1875;0;1875;0;96;96;0;0;0;0;0;0;0;0;False;;0;0;False;;0;0;False;;0;0;False;;0;0;False;;0;0;0;False;;0;0;;;313;100;12.21;PM1;FAST_PROMISE;FAST_PROMISE;2026-07-22;2;Utilitários
412704608;>C5_PM1;at_destination_facility;last_mile;1784753239;0;17502440;DHL;['residential', 'business'];True;True;False;;False;False;False;False;False;True;False;False;False;driver;EPA7;SPA2;exchange_point;America/Belem;17;False;[];[];False;0;0;;0;True;0;False;0;False;planned;Utilitários;;-;0;0;;;EPA7;exchange_point;98;0;0;98;0;0;0;87;11;0;0;0;98;0;0;0;0;False;0;0;False;False;False;0;0;1874;0;1874;0;98;98;0;0;0;0;0;0;0;0;False;;0;0;False;;0;0;False;;0;0;False;;0;0;False;;0;0;0;False;;0;0;;;394;100;19.02;PM1;FAST_PROMISE;FAST_PROMISE;2026-07-20;2;Utilitários
412704664;>F7_PM1;at_destination_facility;last_mile;1784753246;0;17502440;DHL;['residential', 'business'];True;True;False;;False;False;False;False;False;True;False;False;False;driver;EPA7;SPA2;exchange_point;America/Belem;17;False;[];[];False;0;0;;0;True;0;False;0;False;planned;Utilitários;;-;0;0;;;EPA7;exchange_point;99;0;0;99;0;0;0;81;18;0;0;0;99;0;0;0;0;False;0;0;False;False;False;0;0;1874;0;1874;0;99;99;0;0;0;0;0;0;0;0;False;;0;0;False;;0;0;False;;0;0;False;;0;0;False;;0;0;0;False;;0;0;;;387;100;13.3;PM1;FAST_PROMISE;FAST_PROMISE;2026-07-20;2;Utilitários
412704797;>C28_PM1;at_destination_facility;last_mile;1784753268;0;17502440;DHL;['residential', 'business'];True;True;False;;False;False;False;False;False;True;False;False;False;driver;EPA7;SPA2;exchange_point;America/Belem;17;False;[];[];False;0;0;;0;True;0;False;0;False;planned;Utilitários;;-;0;0;;;EPA7;exchange_point;82;0;0;82;0;0;0;72;10;0;0;0;82;0;0;0;0;False;0;0;False;False;False;0;0;1874;0;1874;0;82;82;0;0;0;0;0;0;0;0;False;;0;0;False;;0;0;False;;0;0;False;;0;0;False;;0;0;0;False;;0;0;;;160;100;33.19;PM1;FAST_PROMISE;FAST_PROMISE;2026-07-22;2;Utilitários
412704853;>C4_PM1;at_destination_facility;last_mile;1784753290;0;17502440;DHL;['residential', 'business'];True;True;False;;False;False;False;False;False;True;False;False;False;driver;EPA7;SPA2;exchange_point;America/Belem;17;False;[];[];False;0;0;;0;True;0;False;0;False;planned;Utilitários;;-;0;0;;;EPA7;exchange_point;96;0;0;96;0;0;0;62;34;0;0;0;96;0;0;0;0;False;0;0;False;False;False;0;0;1874;0;1874;0;96;96;0;0;0;0;0;0;0;0;False;;0;0;False;;0;0;False;;0;0;False;;0;0;False;;0;0;0;False;;0;0;;;354;100;13.18;PM1;FAST_PROMISE;FAST_PROMISE;2026-07-19;2;Utilitários
412709116;>F9_PM1;at_destination_facility;last_mile;1784754248;0;17502440;DHL;['residential', 'business'];True;True;False;;False;False;False;False;False;True;False;False;False;driver;EPA7;SPA2;exchange_point;America/Belem;18;False;[];[];False;0;0;;0;True;0;False;0;False;planned;Utilitários;;-;0;0;;;EPA7;exchange_point;98;0;0;98;0;0;0;72;26;0;0;0;98;0;0;0;0;False;0;0;False;False;False;0;0;1858;0;1858;0;98;98;0;0;0;0;0;0;0;0;False;;0;0;False;;0;0;False;;0;0;False;;0;0;False;;0;0;0;False;;0;0;;;328;100;12.44;PM1;FAST_PROMISE;FAST_PROMISE;2026-07-23;2;Utilitários
412709151;>F2_PM1;at_destination_facility;last_mile;1784754252;0;17502440;DHL;['residential', 'business'];True;True;False;;False;False;False;False;False;True;False;False;False;driver;EPA7;SPA2;exchange_point;America/Belem;18;False;[];[];False;0;0;;0;True;0;False;0;False;planned;Utilitários;;-;0;0;;;EPA7;exchange_point;96;0;0;96;0;0;0;93;3;0;0;0;96;0;0;0;0;False;0;0;False;False;False;0;0;1858;0;1858;0;96;96;0;0;0;0;0;0;0;0;False;;0;0;False;;0;0;False;;0;0;False;;0;0;False;;0;0;0;False;;0;0;;;368;100;25.27;PM1;FAST_PROMISE;FAST_PROMISE;2026-07-15;2;Utilitários
412709172;>F4_PM1;at_destination_facility;last_mile;1784754259;0;17502440;DHL;['residential', 'business'];True;True;False;;False;False;False;False;False;True;False;False;False;driver;EPA7;SPA2;exchange_point;America/Belem;18;False;[];[];False;0;0;;0;True;0;False;0;False;planned;Utilitários;;-;0;0;;;EPA7;exchange_point;95;0;0;95;0;0;0;90;5;0;0;0;95;0;0;0;0;False;0;0;False;False;False;0;0;1857;0;1857;0;95;95;0;0;0;0;0;0;0;0;False;;0;0;False;;0;0;False;;0;0;False;;0;0;False;;0;0;0;False;;0;0;;;305;100;27.76;PM1;FAST_PROMISE;FAST_PROMISE;2026-07-16;2;Utilitários
412709200;>C26_PM1;at_destination_facility;last_mile;1784754264;0;17502440;DHL;['residential', 'business'];True;True;False;;False;False;False;False;False;True;False;False;False;driver;EPA7;SPA2;exchange_point;America/Belem;18;False;[];[];False;0;0;;0;True;0;False;0;False;planned;Utilitários;;-;0;0;;;EPA7;exchange_point;99;0;0;99;0;0;0;84;15;0;0;0;99;0;0;0;0;False;0;0;False;False;False;0;0;1857;0;1857;0;99;99;0;0;0;0;0;0;0;0;False;;0;0;False;;0;0;False;;0;0;False;;0;0;False;;0;0;0;False;;0;0;;;311;100;11.62;PM1;FAST_PROMISE;FAST_PROMISE;2026-07-21;2;Utilitários
412709242;>C22_PM1;at_destination_facility;last_mile;1784754270;0;17502440;DHL;['residential', 'business'];True;True;False;;False;True;False;False;False;True;False;False;False;driver;EPA7;SPA2;exchange_point;America/Belem;18;False;[];[];False;0;0;;0;True;0;False;0;False;planned;Vuc;;-;0;0;;;EPA7;exchange_point;292;0;0;292;0;0;0;103;28;0;0;0;292;0;0;0;0;False;0;0;False;False;False;0;0;1857;0;1857;0;292;292;0;0;0;0;0;0;0;0;False;;0;0;False;;0;0;False;;0;0;False;;0;0;False;;0;0;0;False;;0;0;;;360;100;23.38;PM1;FAST_PROMISE;FAST_PROMISE;2026-07-20;16;Vuc
412709284;>C24_PM1;at_destination_facility;last_mile;1784754275;0;17502440;DHL;['residential', 'business'];True;True;False;;False;False;False;False;False;True;False;False;False;driver;EPA7;SPA2;exchange_point;America/Belem;18;False;[];[];False;0;0;;0;True;0;False;0;False;planned;Utilitários;;-;0;0;;;EPA7;exchange_point;96;0;0;96;0;0;0;89;7;0;0;0;96;0;0;0;0;False;0;0;False;False;False;0;0;1857;0;1857;0;96;96;0;0;0;0;0;0;0;0;False;;0;0;False;;0;0;False;;0;0;False;;0;0;False;;0;0;0;False;;0;0;;;245;100;16.24;PM1;FAST_PROMISE;FAST_PROMISE;2026-07-22;2;Utilitários
412709340;>F10_PM1;at_destination_facility;last_mile;1784754282;0;17502440;DHL;['residential', 'business'];True;True;False;;False;False;False;False;False;True;False;False;False;driver;EPA7;SPA2;exchange_point;America/Belem;18;False;[];[];False;0;0;;0;True;0;False;0;False;planned;Utilitários;;-;0;0;;;EPA7;exchange_point;97;0;0;97;0;0;0;76;21;0;0;0;97;0;0;0;0;False;0;0;False;False;False;0;0;1857;0;1857;0;97;97;0;0;0;0;0;0;0;0;False;;0;0;False;;0;0;False;;0;0;False;;0;0;False;;0;0;0;False;;0;0;;;311;100;12.87;PM1;TODAY_FAST_PROMISE;TODAY_PROMISE;2026-07-24;2;Utilitários
412709606;>C8_PM1;at_destination_facility;last_mile;1784754345;0;17502440;DHL;['residential', 'business'];True;True;False;;False;False;False;False;False;True;False;False;False;driver;EPA7;SPA2;exchange_point;America/Belem;18;False;[];[];False;0;0;;0;True;0;False;0;False;planned;Utilitários;;-;0;0;;;EPA7;exchange_point;98;0;0;98;0;0;0;86;12;0;0;0;98;0;0;0;0;False;0;0;False;False;False;0;0;1856;0;1856;0;98;98;0;0;0;0;0;0;0;0;False;;0;0;False;;0;0;False;;0;0;False;;0;0;False;;0;0;0;False;;0;0;;;284;100;18.71;PM1;TODAY_FAST_PROMISE;TODAY_PROMISE;2026-07-24;2;Utilitários
412709634;>C23_PM1;at_destination_facility;last_mile;1784754355;0;17502440;DHL;['residential', 'business'];True;True;False;;False;True;False;False;False;True;False;False;False;driver;EPA7;SPA2;exchange_point;America/Belem;18;False;[];[];False;0;0;;0;True;0;False;0;False;planned;Vuc;;-;0;0;;;EPA7;exchange_point;168;0;0;168;0;0;0;124;41;0;0;0;168;0;0;0;0;False;0;0;False;False;False;0;0;1856;0;1856;0;168;168;0;0;0;0;0;0;0;0;False;;0;0;False;;0;0;False;;0;0;False;;0;0;False;;0;0;0;False;;0;0;;;357;100;17.49;PM1;FAST_PROMISE;FAST_PROMISE;2026-07-19;16;Vuc
412709655;>F20_PM1;at_destination_facility;last_mile;1784754361;0;17502440;DHL;['residential', 'business'];True;True;False;;False;False;False;False;False;True;False;False;False;driver;EPA7;SPA2;exchange_point;America/Belem;18;False;[];[];False;0;0;;0;True;0;False;0;False;planned;Utilitários;;-;0;0;;;EPA7;exchange_point;97;0;0;97;0;0;0;96;1;0;0;0;97;0;0;0;0;False;0;0;False;False;False;0;0;1856;0;1856;0;97;97;0;0;0;0;0;0;0;0;False;;0;0;False;;0;0;False;;0;0;False;;0;0;False;;0;0;0;False;;0;0;;;274;100;11.19;PM1;FAST_PROMISE;FAST_PROMISE;2026-07-20;2;Utilitários
412709697;>F6_PM1;at_destination_facility;last_mile;1784754368;0;17502440;DHL;['residential', 'business'];True;True;False;;False;False;False;False;False;True;False;False;False;driver;EPA7;SPA2;exchange_point;America/Belem;18;False;[];[];False;0;0;;0;True;0;False;0;False;planned;Utilitários;;-;0;0;;;EPA7;exchange_point;99;0;0;99;0;0;0;71;28;0;0;0;99;0;0;0;0;False;0;0;False;False;False;0;0;1856;0;1856;0;99;99;0;0;0;0;0;0;0;0;False;;0;0;False;;0;0;False;;0;0;False;;0;0;False;;0;0;0;False;;0;0;;;325;100;15.91;PM1;FAST_PROMISE;FAST_PROMISE;2026-07-20;2;Utilitários
412709753;>F5_PM1;at_destination_facility;last_mile;1784754383;0;17502440;DHL;['residential', 'business'];True;True;False;;False;False;False;False;False;True;False;False;False;driver;EPA7;SPA2;exchange_point;America/Belem;18;False;[];[];False;0;0;;0;True;0;False;0;False;planned;Utilitários;;-;0;0;;;EPA7;exchange_point;99;0;0;99;0;0;0;93;6;0;0;0;99;0;0;0;0;False;0;0;False;False;False;0;0;1855;0;1855;0;99;99;0;0;0;0;0;0;0;0;False;;0;0;False;;0;0;False;;0;0;False;;0;0;False;;0;0;0;False;;0;0;;;246;100;15.24;PM1;FAST_PROMISE;FAST_PROMISE;2026-07-20;2;Utilitários
412709837;>C7_PM1;at_destination_facility;last_mile;1784754417;0;17502440;DHL;['residential', 'business'];True;True;False;;False;False;False;False;False;True;False;False;False;driver;EPA7;SPA2;exchange_point;America/Belem;18;False;[];[];False;0;0;;0;True;0;False;0;False;planned;Utilitários;;-;0;0;;;EPA7;exchange_point;95;0;0;95;0;0;0;85;10;0;0;0;95;0;0;0;0;False;0;0;False;False;False;0;0;1855;0;1855;0;95;95;0;0;0;0;0;0;0;0;False;;0;0;False;;0;0;False;;0;0;False;;0;0;False;;0;0;0;False;;0;0;;;315;100;17.92;PM1;FAST_PROMISE;FAST_PROMISE;2026-07-23;2;Utilitários
412710005;>F21_PM1;at_destination_facility;last_mile;1784754455;0;17502440;DHL;['residential', 'business'];True;True;False;;False;False;False;False;False;True;False;False;False;driver;EPA7;SPA2;exchange_point;America/Belem;18;False;[];[];False;0;0;;0;True;0;False;0;False;planned;Utilitários;;-;0;0;;;EPA7;exchange_point;95;0;0;95;0;0;0;86;7;0;0;0;95;0;0;0;0;False;0;0;False;False;False;0;0;1854;0;1854;0;95;95;0;0;0;0;0;0;0;0;False;;0;0;False;;0;0;False;;0;0;False;;0;0;False;;0;0;0;False;;0;0;;;305;100;18.58;PM1;FAST_PROMISE;FAST_PROMISE;2026-07-20;2;Utilitários
412710026;>F8_PM1;at_destination_facility;last_mile;1784754460;0;17502440;DHL;['residential', 'business'];True;True;False;;False;False;False;False;False;True;False;False;False;driver;EPA7;SPA2;exchange_point;America/Belem;18;False;[];[];False;0;0;;0;True;0;False;0;False;planned;Utilitários;;-;0;0;;;EPA7;exchange_point;98;0;0;98;0;0;0;67;31;0;0;0;98;0;0;0;0;False;0;0;False;False;False;0;0;1854;0;1854;0;98;98;0;0;0;0;0;0;0;0;False;;0;0;False;;0;0;False;;0;0;False;;0;0;False;;0;0;0;False;;0;0;;;366;100;13.49;PM1;FAST_PROMISE;FAST_PROMISE;2026-07-23;2;Utilitários
412710488;>F3_PM1;at_destination_facility;last_mile;1784754585;0;17502440;DHL;['residential', 'business'];True;True;False;;False;False;False;False;False;True;False;False;False;driver;EPA7;SPA2;exchange_point;America/Belem;18;False;[];[];False;0;0;;0;True;0;False;0;False;planned;Utilitários;;-;0;0;;;EPA7;exchange_point;97;0;0;97;0;0;0;39;58;0;0;0;97;0;0;0;0;False;0;0;False;False;False;0;0;1852;0;1852;0;97;97;0;0;0;0;0;0;0;0;False;;0;0;False;;0;0;False;;0;0;False;;0;0;False;;0;0;0;False;;0;0;;;305;100;10.05;PM1;FAST_PROMISE;FAST_PROMISE;2026-07-22;2;Utilitários
412711377;>F1_PM1;at_destination_facility;last_mile;1784754803;0;17502440;DHL;['residential', 'business'];True;True;False;;False;True;False;False;False;True;False;False;False;driver;EPA7;SPA2;exchange_point;America/Belem;18;False;[];[];False;0;0;;0;True;0;False;0;False;planned;Utilitários;;-;0;0;;;EPA7;exchange_point;105;0;0;105;0;0;0;91;13;0;0;0;105;0;0;0;0;False;0;0;False;False;False;0;0;1848;0;1848;0;105;105;0;0;0;0;0;0;0;0;False;;0;0;False;;0;0;False;;0;0;False;;0;0;False;;0;0;0;False;;0;0;;;277;100;20.39;PM1;FAST_PROMISE;FAST_PROMISE;2026-07-12;2;Utilitários
412711468;>F22_PM1;at_destination_facility;last_mile;1784754819;0;17502440;DHL;['residential', 'business'];True;True;False;;False;False;False;False;False;True;False;False;False;driver;EPA7;SPA2;exchange_point;America/Belem;18;False;[];[];False;0;0;;0;True;0;False;0;False;planned;Veículo de Passeio;;-;0;0;;;EPA7;exchange_point;63;0;0;63;0;0;0;60;3;0;0;0;63;0;0;0;0;False;0;0;False;False;False;0;0;1848;0;1848;0;63;63;0;0;0;0;0;0;0;0;False;;0;0;False;;0;0;False;;0;0;False;;0;0;False;;0;0;0;False;;0;0;;;283;100;40.46;PM1;FAST_PROMISE;FAST_PROMISE;2026-07-23;11;Veículo de Passeio
413128122;=F3_PM1;at_destination_facility;last_mile;1784824450;0;59903397;RodaCoop;['residential', 'business'];True;True;False;;False;False;False;False;False;True;False;False;False;driver;EPA5;SPA2;exchange_point;America/Belem;13;False;[];[];False;0;0;;0;True;0;False;0;False;planned;Van;;-;0;0;;;EPA5;exchange_point;155;0;0;155;0;0;0;127;27;0;0;0;155;0;0;0;0;False;0;0;False;False;False;0;0;688;0;688;0;155;155;0;0;0;0;0;0;0;0;False;;0;0;False;;0;0;False;;0;0;False;;0;0;False;;0;0;0;False;;0;0;;;411;100;80.01;PM1;FAST_PROMISE;FAST_PROMISE;2026-07-11;28;Van
413128969;=F19_PM1;at_destination_facility;last_mile;1784824523;0;59903397;RodaCoop;['residential', 'business'];True;True;False;;False;False;False;False;False;True;False;False;False;driver;EPA5;SPA2;exchange_point;America/Belem;13;False;[];[];False;0;0;;0;True;0;False;0;False;planned;Utilitários;;-;0;0;;;EPA5;exchange_point;31;0;0;31;0;0;0;28;3;0;0;0;31;0;0;0;0;False;0;0;False;False;False;0;0;686;0;686;0;31;31;0;0;0;0;0;0;0;0;False;;0;0;False;;0;0;False;;0;0;False;;0;0;False;;0;0;0;False;;0;0;;;161;100;86.57;PM1;TODAY_FAST_PROMISE;TODAY_PROMISE;2026-07-24;2;Utilitários
413129032;=F17_PM1;at_destination_facility;last_mile;1784824529;0;59903397;RodaCoop;['residential', 'business'];True;True;False;;False;False;False;False;False;True;False;False;False;driver;EPA5;SPA2;exchange_point;America/Belem;13;False;[];[];False;0;0;;0;True;0;False;0;False;planned;Utilitários;;-;0;0;;;EPA5;exchange_point;74;0;0;74;0;0;0;61;13;0;0;0;74;0;0;0;0;False;0;0;False;False;False;0;0;686;0;686;0;74;74;0;0;0;0;0;0;0;0;False;;0;0;False;;0;0;False;;0;0;False;;0;0;False;;0;0;0;False;;0;0;;;336;100;92.05;PM1;FAST_PROMISE;FAST_PROMISE;2026-07-23;2;Utilitários
413130026;=F15_PM1;at_destination_facility;last_mile;1784824602;0;59903397;RodaCoop;['residential', 'business'];True;True;False;;False;False;False;False;False;True;False;False;False;driver;EPA5;SPA2;exchange_point;America/Belem;13;False;[];[];False;0;0;;0;True;0;False;0;False;planned;Utilitários;;-;0;0;;;EPA5;exchange_point;77;0;0;77;0;0;0;71;6;0;0;0;77;0;0;0;0;False;0;0;False;False;False;0;0;685;0;685;0;77;77;0;0;0;0;0;0;0;0;False;;0;0;False;;0;0;False;;0;0;False;;0;0;False;;0;0;0;False;;0;0;;;310;100;92.46;PM1;FAST_PROMISE;FAST_PROMISE;2026-07-23;2;Utilitários
413130110;=F18_PM1;at_destination_facility;last_mile;1784824609;0;59903397;RodaCoop;['residential', 'business'];True;True;False;;False;False;False;False;False;True;False;False;False;driver;EPA5;SPA2;exchange_point;America/Belem;13;False;[];[];False;0;0;;0;True;0;False;0;False;planned;Utilitários;;-;0;0;;;EPA5;exchange_point;72;0;0;72;0;0;0;54;17;0;0;0;72;0;0;0;0;False;0;0;False;False;False;0;0;685;0;685;0;72;72;0;0;0;0;0;0;0;0;False;;0;0;False;;0;0;False;;0;0;False;;0;0;False;;0;0;0;False;;0;0;;;319;100;92.76;PM1;TODAY_FAST_PROMISE;TODAY_PROMISE;2026-07-24;2;Utilitários
413130607;=F16_PM1;at_destination_facility;last_mile;1784824657;0;59903397;RodaCoop;['residential', 'business'];True;True;False;;False;False;False;False;False;True;False;False;False;driver;EPA5;SPA2;exchange_point;America/Belem;13;False;[];[];False;0;0;;0;True;0;False;0;False;planned;Utilitários;;-;0;0;;;EPA5;exchange_point;73;0;0;73;0;0;0;65;8;0;0;0;73;0;0;0;0;False;0;0;False;False;False;0;0;684;0;684;0;73;73;0;0;0;0;0;0;0;0;False;;0;0;False;;0;0;False;;0;0;False;;0;0;False;;0;0;0;False;;0;0;;;389;100;182.36;PM1;TODAY_FAST_PROMISE;TODAY_PROMISE;2026-07-24;2;Utilitários
413130691;=F13_PM1;at_destination_facility;last_mile;1784824664;0;59903397;RodaCoop;['residential', 'business'];True;True;False;;False;False;False;False;False;True;False;False;False;driver;EPA5;SPA2;exchange_point;America/Belem;13;False;[];[];False;0;0;;0;True;0;False;0;False;planned;Utilitários;;-;0;0;;;EPA5;exchange_point;89;0;0;89;0;0;0;52;37;0;0;0;89;0;0;0;0;False;0;0;False;False;False;0;0;684;0;684;0;89;89;0;0;0;0;0;0;0;0;False;;0;0;False;;0;0;False;;0;0;False;;0;0;False;;0;0;0;False;;0;0;;;295;100;47.36;PM1;FAST_PROMISE;FAST_PROMISE;2026-07-16;2;Utilitários
413131482;=F12_PM1;at_destination_facility;last_mile;1784824726;0;59903397;RodaCoop;['residential', 'business'];True;True;False;;False;False;False;False;False;True;False;False;False;driver;EPA5;SPA2;exchange_point;America/Belem;13;False;[];[];False;0;0;;0;True;0;False;0;False;planned;Utilitários;;-;0;0;;;EPA5;exchange_point;92;0;0;92;0;0;0;88;4;0;0;0;92;0;0;0;0;False;0;0;False;False;False;0;0;683;0;683;0;92;92;0;0;0;0;0;0;0;0;False;;0;0;False;;0;0;False;;0;0;False;;0;0;False;;0;0;0;False;;0;0;;;397;100;95.63;PM1;TODAY_FAST_PROMISE;TODAY_PROMISE;2026-07-24;2;Utilitários
413131559;=F10_PM1;at_destination_facility;last_mile;1784824732;0;59903397;RodaCoop;['residential', 'business'];True;True;False;;False;False;False;False;False;True;False;False;False;driver;EPA5;SPA2;exchange_point;America/Belem;13;False;[];[];False;0;0;;0;True;0;False;0;False;planned;Van;;-;0;0;;;EPA5;exchange_point;98;0;0;98;0;0;0;88;10;0;0;0;98;0;0;0;0;False;0;0;False;False;False;0;0;683;0;683;0;98;98;0;0;0;0;0;0;0;0;False;;0;0;False;;0;0;False;;0;0;False;;0;0;False;;0;0;0;False;;0;0;;;397;100;121.7;PM1;FAST_PROMISE;FAST_PROMISE;2026-07-19;28;Van
413180559;=G3_PM1;at_destination_facility;last_mile;1784828707;0;59903397;RodaCoop;['residential', 'business'];True;True;False;;False;False;False;False;False;True;False;False;False;driver;EPA2;SPA2;exchange_point;America/Belem;14;False;[];[];False;0;0;;0;True;0;False;0;False;planned;Vuc;;-;0;0;;;EPA2;exchange_point;112;0;0;112;0;0;0;98;14;0;0;0;112;0;0;0;0;False;0;0;False;False;False;0;0;617;0;617;0;112;112;0;0;0;0;0;0;0;0;False;;0;0;False;;0;0;False;;0;0;False;;0;0;False;;0;0;0;False;;0;0;;;456;100;70.29;PM1;FAST_PROMISE;FAST_PROMISE;2026-07-23;16;Vuc
413180762;=G1_PM1;at_destination_facility;last_mile;1784828727;0;59903397;RodaCoop;['residential', 'business'];True;True;False;;False;True;False;False;False;True;False;False;False;driver;EPA2;SPA2;exchange_point;America/Belem;14;False;[];[];False;0;0;;0;True;0;False;0;False;planned;Vuc;;-;0;0;;;EPA2;exchange_point;187;0;0;187;0;0;0;112;28;0;0;0;187;0;0;0;0;False;0;0;False;False;False;0;0;616;0;616;0;187;187;0;0;0;0;0;0;0;0;False;;0;0;False;;0;0;False;;0;0;False;;0;0;False;;0;0;0;False;;0;0;;;374;100;19.63;PM1;FAST_PROMISE;FAST_PROMISE;2026-07-14;16;Vuc
413181280;=G11_PM1;at_destination_facility;last_mile;1784828773;0;59903397;RodaCoop;['residential', 'business'];True;True;False;;False;False;False;False;False;True;False;False;False;driver;EPA2;SPA2;exchange_point;America/Belem;14;False;[];[];False;0;0;;0;True;0;False;0;False;planned;Van;;-;0;0;;;EPA2;exchange_point;60;0;0;60;0;0;0;55;5;0;0;0;60;0;0;0;0;False;0;0;False;False;False;0;0;616;0;616;0;60;60;0;0;0;0;0;0;0;0;False;;0;0;False;;0;0;False;;0;0;False;;0;0;False;;0;0;0;False;;0;0;;;423;100;157.75;PM1;FAST_PROMISE;FAST_PROMISE;2026-07-23;28;Van
413181371;=G9_PM1;at_destination_facility;last_mile;1784828784;0;59903397;RodaCoop;['residential', 'business'];True;True;False;;False;False;False;False;False;True;False;False;False;driver;EPA2;SPA2;exchange_point;America/Belem;14;False;[];[];False;0;0;;0;True;0;False;0;False;planned;Utilitários;;-;0;0;;;EPA2;exchange_point;100;0;0;100;0;0;0;89;11;0;0;0;100;0;0;0;0;False;0;0;False;False;False;0;0;615;0;615;0;100;100;0;0;0;0;0;0;0;0;False;;0;0;False;;0;0;False;;0;0;False;;0;0;False;;0;0;0;False;;0;0;;;316;100;17.86;PM1;FAST_PROMISE;FAST_PROMISE;2026-07-15;2;Utilitários
413182771;=G10_PM1;at_destination_facility;last_mile;1784828927;0;59903397;RodaCoop;['residential', 'business'];True;True;False;;False;False;False;False;False;True;False;False;False;driver;EPA2;SPA2;exchange_point;America/Belem;14;False;[];[];False;0;0;;0;True;0;False;0;False;planned;Vuc;;-;0;0;;;EPA2;exchange_point;83;0;0;83;0;0;0;73;10;0;0;0;83;0;0;0;0;False;0;0;False;False;False;0;0;613;0;613;0;83;83;0;0;0;0;0;0;0;0;False;;0;0;False;;0;0;False;;0;0;False;;0;0;False;;0;0;0;False;;0;0;;;380;100;79.89;PM1;FAST_PROMISE;FAST_PROMISE;2026-07-12;16;Vuc
413182834;=G5_PM1;at_destination_facility;last_mile;1784828931;0;59903397;RodaCoop;['residential', 'business'];True;True;False;;False;False;False;False;False;True;False;False;False;driver;EPA2;SPA2;exchange_point;America/Belem;14;False;[];[];False;0;0;;0;True;0;False;0;False;planned;Vuc;;-;0;0;;;EPA2;exchange_point;100;0;0;100;0;0;0;82;18;0;0;0;100;0;0;0;0;False;0;0;False;False;False;0;0;613;0;613;0;100;100;0;0;0;0;0;0;0;0;False;;0;0;False;;0;0;False;;0;0;False;;0;0;False;;0;0;0;False;;0;0;;;457;100;96.23;PM1;FAST_PROMISE;FAST_PROMISE;2026-07-22;16;Vuc
413183030;=G7_PM1;at_destination_facility;last_mile;1784828949;0;59903397;RodaCoop;['residential', 'business'];True;True;False;;False;False;False;False;False;True;False;False;False;driver;EPA2;SPA2;exchange_point;America/Belem;14;False;[];[];False;0;0;;0;True;0;False;0;False;planned;Utilitários;;-;0;0;;;EPA2;exchange_point;99;0;0;99;0;0;0;92;6;0;0;0;99;0;0;0;0;False;0;0;False;False;False;0;0;613;0;613;0;99;99;0;0;0;0;0;0;0;0;False;;0;0;False;;0;0;False;;0;0;False;;0;0;False;;0;0;0;False;;0;0;;;453;100;84.56;PM1;FAST_PROMISE;FAST_PROMISE;2026-07-23;2;Utilitários
413183072;=G8_PM1;at_destination_facility;last_mile;1784828953;0;59903397;RodaCoop;['residential', 'business'];True;True;False;;False;False;False;False;False;True;False;False;False;driver;EPA2;SPA2;exchange_point;America/Belem;14;False;[];[];False;0;0;;0;True;0;False;0;False;planned;Utilitários;;-;0;0;;;EPA2;exchange_point;99;0;0;99;0;0;0;90;9;0;0;0;99;0;0;0;0;False;0;0;False;False;False;0;0;613;0;613;0;99;99;0;0;0;0;0;0;0;0;False;;0;0;False;;0;0;False;;0;0;False;;0;0;False;;0;0;0;False;;0;0;;;374;100;21.33;PM1;FAST_PROMISE;FAST_PROMISE;2026-07-15;2;Utilitários
413183135;=G2_PM1;at_destination_facility;last_mile;1784828963;0;59903397;RodaCoop;['residential', 'business'];True;True;False;;False;False;False;False;False;True;False;False;False;driver;EPA2;SPA2;exchange_point;America/Belem;14;False;[];[];False;0;0;;0;True;0;False;0;False;planned;Vuc;;-;0;0;;;EPA2;exchange_point;117;0;0;117;0;0;0;109;8;0;0;0;117;0;0;0;0;False;0;0;False;False;False;0;0;612;0;612;0;117;117;0;0;0;0;0;0;0;0;False;;0;0;False;;0;0;False;;0;0;False;;0;0;False;;0;0;0;False;;0;0;;;400;100;38.12;PM1;FAST_PROMISE;FAST_PROMISE;2026-07-22;16;Vuc
413183569;=G4_PM1;at_destination_facility;last_mile;1784828996;0;59903397;RodaCoop;['residential', 'business'];True;True;False;;False;True;False;False;False;True;False;False;False;driver;EPA2;SPA2;exchange_point;America/Belem;14;False;[];[];False;0;0;;0;True;0;False;0;False;planned;Vuc;;-;0;0;;;EPA2;exchange_point;108;0;0;108;0;0;0;83;14;0;0;0;108;0;0;0;0;False;0;0;False;False;False;0;0;612;0;612;0;108;108;0;0;0;0;0;0;0;0;False;;0;0;False;;0;0;False;;0;0;False;;0;0;False;;0;0;0;False;;0;0;;;459;100;107.78;PM1;FAST_PROMISE;FAST_PROMISE;2026-07-14;16;Vuc
413183856;=G6_PM1;at_destination_facility;last_mile;1784829023;0;59903397;RodaCoop;['residential', 'business'];True;True;False;;False;False;False;False;False;True;False;False;False;driver;EPA2;SPA2;exchange_point;America/Belem;14;False;[];[];False;0;0;;0;True;0;False;0;False;planned;Utilitários;;-;0;0;;;EPA2;exchange_point;99;0;0;99;0;0;0;93;6;0;0;0;99;0;0;0;0;False;0;0;False;False;False;0;0;611;0;611;0;99;99;0;0;0;0;0;0;0;0;False;;0;0;False;;0;0;False;;0;0;False;;0;0;False;;0;0;0;False;;0;0;;;428;100;74.94;PM1;FAST_PROMISE;FAST_PROMISE;2026-07-22;2;Utilitários
413198878;=H1_PM1;at_destination_facility;last_mile;1784830562;0;1670870460;JL Castro;['residential', 'business'];True;True;False;;False;True;True;False;False;True;False;False;False;driver;EPA3;SPA2;exchange_point;America/Belem;15;False;[];[];False;0;0;;0;True;0;False;0;False;planned;Van;;-;0;0;;;EPA3;exchange_point;163;0;0;163;0;0;0;103;59;0;0;0;163;0;0;0;0;False;0;0;False;False;False;0;0;586;0;586;0;163;163;0;0;0;0;0;0;0;0;False;;0;0;False;;0;0;False;;0;0;False;;0;0;False;;0;0;0;False;;0;0;;;416;100;30.25;PM1;FAST_PROMISE;FAST_PROMISE;2026-07-22;28;Van
413199032;=H29_PM1;at_destination_facility;last_mile;1784830570;0;1670870460;JL Castro;['residential', 'business'];True;True;False;;False;False;False;False;False;True;False;False;False;driver;EPA3;SPA2;exchange_point;America/Belem;15;False;[];[];False;0;0;;0;True;0;False;0;False;planned;Utilitários;;-;0;0;;;EPA3;exchange_point;73;0;0;73;0;0;0;59;14;0;0;0;73;0;0;0;0;False;0;0;False;False;False;0;0;586;0;586;0;73;73;0;0;0;0;0;0;0;0;False;;0;0;False;;0;0;False;;0;0;False;;0;0;False;;0;0;0;False;;0;0;;;413;100;175.75;PM1;FAST_PROMISE;FAST_PROMISE;2026-07-21;2;Utilitários
413199109;=H32_PM1;at_destination_facility;last_mile;1784830576;0;1670870460;JL Castro;['residential', 'business'];True;True;False;;False;False;False;False;False;True;False;False;False;driver;EPA3;SPA2;exchange_point;America/Belem;15;False;[];[];False;0;0;;0;True;0;False;0;False;planned;Utilitários;;-;0;0;;;EPA3;exchange_point;81;0;0;81;0;0;0;60;21;0;0;0;81;0;0;0;0;False;0;0;False;False;False;0;0;585;0;585;0;81;81;0;0;0;0;0;0;0;0;False;;0;0;False;;0;0;False;;0;0;False;;0;0;False;;0;0;0;False;;0;0;;;408;100;220.29;PM1;FAST_PROMISE;FAST_PROMISE;2026-07-23;2;Utilitários
413199970;=H27_PM1;at_destination_facility;last_mile;1784830652;0;1670870460;JL Castro;['residential', 'business'];True;True;False;;False;False;False;False;False;True;False;False;False;driver;EPA3;SPA2;exchange_point;America/Belem;15;False;[];[];False;0;0;;0;True;0;False;0;False;planned;Veículo de Passeio;;-;0;0;;;EPA3;exchange_point;67;0;0;67;0;0;0;56;11;0;0;0;67;0;0;0;0;False;0;0;False;False;False;0;0;584;0;584;0;67;67;0;0;0;0;0;0;0;0;False;;0;0;False;;0;0;False;;0;0;False;;0;0;False;;0;0;0;False;;0;0;;;416;100;213.36;PM1;FAST_PROMISE;FAST_PROMISE;2026-07-07;11;Veículo de Passeio
413200026;=H30_PM1;at_destination_facility;last_mile;1784830660;0;1670870460;JL Castro;['residential', 'business'];True;True;False;;False;False;False;False;False;True;False;False;False;driver;EPA3;SPA2;exchange_point;America/Belem;15;False;[];[];False;0;0;;0;True;0;False;0;False;planned;Utilitários;;-;0;0;;;EPA3;exchange_point;72;0;0;72;0;0;0;54;18;0;0;0;72;0;0;0;0;False;0;0;False;False;False;0;0;584;0;584;0;72;72;0;0;0;0;0;0;0;0;False;;0;0;False;;0;0;False;;0;0;False;;0;0;False;;0;0;0;False;;0;0;;;414;100;169.99;PM1;FAST_PROMISE;FAST_PROMISE;2026-07-23;2;Utilitários
413200726;=H28_PM1;at_destination_facility;last_mile;1784830724;0;1670870460;JL Castro;['residential', 'business'];True;True;False;;False;False;False;False;False;True;False;False;False;driver;EPA3;SPA2;exchange_point;America/Belem;15;False;[];[];False;0;0;;0;True;0;False;0;False;planned;Veículo de Passeio;;-;0;0;;;EPA3;exchange_point;63;0;0;63;0;0;0;58;5;0;0;0;63;0;0;0;0;False;0;0;False;False;False;0;0;583;0;583;0;63;63;0;0;0;0;0;0;0;0;False;;0;0;False;;0;0;False;;0;0;False;;0;0;False;;0;0;0;False;;0;0;;;415;100;173.22;PM1;FAST_PROMISE;FAST_PROMISE;2026-07-23;11;Veículo de Passeio
413200803;=H25_PM1;at_destination_facility;last_mile;1784830732;0;1670870460;JL Castro;['residential', 'business'];True;True;False;;False;False;False;False;False;True;False;False;False;driver;EPA3;SPA2;exchange_point;America/Belem;15;False;[];[];False;0;0;;0;True;0;False;0;False;planned;Veículo de Passeio;;-;0;0;;;EPA3;exchange_point;60;0;0;60;0;0;0;48;12;0;0;0;60;0;0;0;0;False;0;0;False;False;False;0;0;583;0;583;0;60;60;0;0;0;0;0;0;0;0;False;;0;0;False;;0;0;False;;0;0;False;;0;0;False;;0;0;0;False;;0;0;;;383;100;170.42;PM1;FAST_PROMISE;FAST_PROMISE;2026-07-23;11;Veículo de Passeio
413201055;=H23_PM1;at_destination_facility;last_mile;1784830750;0;1670870460;JL Castro;['residential', 'business'];True;True;False;;False;False;False;False;False;True;False;False;False;driver;EPA3;SPA2;exchange_point;America/Belem;15;False;[];[];False;0;0;;0;True;0;False;0;False;planned;Veículo de Passeio;;-;0;0;;;EPA3;exchange_point;46;0;0;46;0;0;0;41;5;0;0;0;46;0;0;0;0;False;0;0;False;False;False;0;0;583;0;583;0;46;46;0;0;0;0;0;0;0;0;False;;0;0;False;;0;0;False;;0;0;False;;0;0;False;;0;0;0;False;;0;0;;;347;100;224.78;PM1;FAST_PROMISE;FAST_PROMISE;2026-07-23;11;Veículo de Passeio
413201125;=H26_PM1;at_destination_facility;last_mile;1784830757;0;1670870460;JL Castro;['residential', 'business'];True;True;False;;False;False;False;False;False;True;False;False;False;driver;EPA3;SPA2;exchange_point;America/Belem;15;False;[];[];False;0;0;;0;True;0;False;0;False;planned;Utilitários;;-;0;0;;;EPA3;exchange_point;60;0;0;60;0;0;0;51;9;0;0;0;60;0;0;0;0;False;0;0;False;False;False;0;0;582;0;582;0;60;60;0;0;0;0;0;0;0;0;False;;0;0;False;;0;0;False;;0;0;False;;0;0;False;;0;0;0;False;;0;0;;;414;100;191.98;PM1;TODAY_FAST_PROMISE;TODAY_PROMISE;2026-07-24;2;Utilitários
413201832;=H24_PM1;at_destination_facility;last_mile;1784830810;0;1670870460;JL Castro;['residential', 'business'];True;True;False;;False;False;False;False;False;True;False;False;False;driver;EPA3;SPA2;exchange_point;America/Belem;15;False;[];[];False;0;0;;0;True;0;False;0;False;planned;Veículo de Passeio;;-;0;0;;;EPA3;exchange_point;46;0;0;46;0;0;0;30;16;0;0;0;46;0;0;0;0;False;0;0;False;False;False;0;0;582;0;582;0;46;46;0;0;0;0;0;0;0;0;False;;0;0;False;;0;0;False;;0;0;False;;0;0;False;;0;0;0;False;;0;0;;;320;100;182.88;PM1;FAST_PROMISE;FAST_PROMISE;2026-07-23;11;Veículo de Passeio
413201888;=H13_PM1;at_destination_facility;last_mile;1784830814;0;1670870460;JL Castro;['residential', 'business'];True;True;False;;False;False;False;False;False;True;False;False;False;driver;EPA3;SPA2;exchange_point;America/Belem;15;False;[];[];False;0;0;;0;True;0;False;0;False;planned;Van;;-;0;0;;;EPA3;exchange_point;41;0;0;41;0;0;0;33;8;0;0;0;41;0;0;0;0;False;0;0;False;False;False;0;0;582;0;582;0;41;41;0;0;0;0;0;0;0;0;False;;0;0;False;;0;0;False;;0;0;False;;0;0;False;;0;0;0;False;;0;0;;;416;100;199.33;PM1;FAST_PROMISE;FAST_PROMISE;2026-07-01;28;Van
413220627;=D15_PM1;at_destination_facility;last_mile;1784832188;0;59903397;RodaCoop;['residential', 'business'];True;True;False;;False;False;False;False;False;True;False;False;False;driver;EPA6;SPA2;exchange_point;America/Belem;15;False;[];[];False;0;0;;0;True;0;False;0;False;planned;Veículo de Passeio;;-;0;0;;;EPA6;exchange_point;24;0;0;24;0;0;0;23;1;0;0;0;24;0;0;0;0;False;0;0;False;False;False;0;0;559;0;559;0;24;24;0;0;0;0;0;0;0;0;False;;0;0;False;;0;0;False;;0;0;False;;0;0;False;;0;0;0;False;;0;0;;;137;100;37.26;PM1;TODAY_FAST_PROMISE;TODAY_PROMISE;2026-07-24;11;Veículo de Passeio
413220725;=D13_PM1;at_destination_facility;last_mile;1784832192;0;59903397;RodaCoop;['residential', 'business'];True;True;False;;False;False;False;False;False;True;False;False;False;driver;EPA6;SPA2;exchange_point;America/Belem;15;False;[];[];False;0;0;;0;True;0;False;0;False;planned;Vuc;;-;0;0;;;EPA6;exchange_point;56;0;0;56;0;0;0;50;6;0;0;0;56;0;0;0;0;False;0;0;False;False;False;0;0;559;0;559;0;56;56;0;0;0;0;0;0;0;0;False;;0;0;False;;0;0;False;;0;0;False;;0;0;False;;0;0;0;False;;0;0;;;419;100;85.44;PM1;FAST_PROMISE;FAST_PROMISE;2026-07-18;16;Vuc
413220844;=D12_PM1;at_destination_facility;last_mile;1784832200;0;59903397;RodaCoop;['residential', 'business'];True;True;False;;False;False;False;False;False;True;False;False;False;driver;EPA6;SPA2;exchange_point;America/Belem;15;False;[];[];False;0;0;;0;True;0;False;0;False;planned;Utilitários;;-;0;0;;;EPA6;exchange_point;76;0;0;76;0;0;0;66;10;0;0;0;76;0;0;0;0;False;0;0;False;False;False;0;0;558;0;558;0;76;76;0;0;0;0;0;0;0;0;False;;0;0;False;;0;0;False;;0;0;False;;0;0;False;;0;0;0;False;;0;0;;;314;100;40.8;PM1;FAST_PROMISE;FAST_PROMISE;2026-07-19;2;Utilitários
413220942;=D14_PM1;at_destination_facility;last_mile;1784832205;0;59903397;RodaCoop;['residential', 'business'];True;True;False;;False;False;False;False;False;True;False;False;False;driver;EPA6;SPA2;exchange_point;America/Belem;15;False;[];[];False;0;0;;0;True;0;False;0;False;planned;Veículo de Passeio;;-;0;0;;;EPA6;exchange_point;34;0;0;34;0;0;0;29;5;0;0;0;34;0;0;0;0;False;0;0;False;False;False;0;0;558;0;558;0;34;34;0;0;0;0;0;0;0;0;False;;0;0;False;;0;0;False;;0;0;False;;0;0;False;;0;0;0;False;;0;0;;;122;100;17.32;PM1;TODAY_FAST_PROMISE;TODAY_PROMISE;2026-07-24;11;Veículo de Passeio
413221187;=D11_PM1;at_destination_facility;last_mile;1784832219;0;59903397;RodaCoop;['residential', 'business'];True;True;False;;False;False;False;False;False;True;False;False;False;driver;EPA6;SPA2;exchange_point;America/Belem;15;False;[];[];False;0;0;;0;True;0;False;0;False;planned;Veículo de Passeio;;-;0;0;;;EPA6;exchange_point;79;0;0;79;0;0;0;70;9;0;0;0;79;0;0;0;0;False;0;0;False;False;False;0;0;558;0;558;0;79;79;0;0;0;0;0;0;0;0;False;;0;0;False;;0;0;False;;0;0;False;;0;0;False;;0;0;0;False;;0;0;;;402;100;97.52;PM1;FAST_PROMISE;FAST_PROMISE;2026-07-18;11;Veículo de Passeio
413221264;=D10_PM1;at_destination_facility;last_mile;1784832223;0;59903397;RodaCoop;['residential', 'business'];True;True;False;;False;False;False;False;False;True;False;False;False;driver;EPA6;SPA2;exchange_point;America/Belem;15;False;[];[];False;0;0;;0;True;0;False;0;False;planned;Veículo de Passeio;;-;0;0;;;EPA6;exchange_point;79;0;0;79;0;0;0;70;9;0;0;0;79;0;0;0;0;False;0;0;False;False;False;0;0;558;0;558;0;79;79;0;0;0;0;0;0;0;0;False;;0;0;False;;0;0;False;;0;0;False;;0;0;False;;0;0;0;False;;0;0;;;308;100;24.64;PM1;FAST_PROMISE;FAST_PROMISE;2026-07-22;11;Veículo de Passeio
413221551;=D4_PM1;at_destination_facility;last_mile;1784832245;0;59903397;RodaCoop;['residential', 'business'];True;True;False;;False;False;False;False;False;True;False;False;False;driver;EPA6;SPA2;exchange_point;America/Belem;15;False;[];[];False;0;0;;0;True;0;False;0;False;planned;Utilitários;;-;0;0;;;EPA6;exchange_point;100;0;0;100;0;0;0;85;15;0;0;0;100;0;0;0;0;False;0;0;False;False;False;0;0;558;0;558;0;100;100;0;0;0;0;0;0;0;0;False;;0;0;False;;0;0;False;;0;0;False;;0;0;False;;0;0;0;False;;0;0;;;354;100;26.26;PM1;FAST_PROMISE;FAST_PROMISE;2026-07-23;2;Utilitários
413222433;=D2_PM1;at_destination_facility;last_mile;1784832299;0;59903397;RodaCoop;['residential', 'business'];True;True;False;;False;False;False;False;False;True;False;False;False;driver;EPA6;SPA2;exchange_point;America/Belem;15;False;[];[];False;0;0;;0;True;0;False;0;False;planned;Vuc;;-;0;0;;;EPA6;exchange_point;116;0;0;116;0;0;0;99;17;0;0;0;116;0;0;0;0;False;0;0;False;False;False;0;0;557;0;557;0;116;116;0;0;0;0;0;0;0;0;False;;0;0;False;;0;0;False;;0;0;False;;0;0;False;;0;0;0;False;;0;0;;;420;100;22.09;PM1;FAST_PROMISE;FAST_PROMISE;2026-07-20;16;Vuc
413224176;=D5_PM1;at_destination_facility;last_mile;1784832409;0;59903397;RodaCoop;['residential', 'business'];True;True;False;;False;False;False;False;False;True;False;False;False;driver;EPA6;SPA2;exchange_point;America/Belem;15;False;[];[];False;0;0;;0;True;0;False;0;False;planned;Utilitários;;-;0;0;;;EPA6;exchange_point;89;0;0;89;0;0;0;79;10;0;0;0;89;0;0;0;0;False;0;0;False;False;False;0;0;555;0;555;0;89;89;0;0;0;0;0;0;0;0;False;;0;0;False;;0;0;False;;0;0;False;;0;0;False;;0;0;0;False;;0;0;;;409;100;29.86;PM1;FAST_PROMISE;FAST_PROMISE;2026-07-16;2;Utilitários
413225128;=D9_PM1;at_destination_facility;last_mile;1784832474;0;59903397;RodaCoop;['residential', 'business'];True;True;False;;False;False;False;False;False;True;False;False;False;driver;EPA6;SPA2;exchange_point;America/Belem;15;False;[];[];False;0;0;;0;True;0;False;0;False;planned;Veículo de Passeio;;-;0;0;;;EPA6;exchange_point;83;0;0;83;0;0;0;79;4;0;0;0;83;0;0;0;0;False;0;0;False;False;False;0;0;554;0;554;0;83;83;0;0;0;0;0;0;0;0;False;;0;0;False;;0;0;False;;0;0;False;;0;0;False;;0;0;0;False;;0;0;;;426;100;134.8;PM1;FAST_PROMISE;FAST_PROMISE;2026-07-20;11;Veículo de Passeio
413225261;=D1_PM1;at_destination_facility;last_mile;1784832481;0;59903397;RodaCoop;['residential', 'business'];True;True;False;;False;True;False;False;False;True;False;False;False;driver;EPA6;SPA2;exchange_point;America/Belem;15;False;[];[];False;0;0;;0;True;0;False;0;False;planned;Vuc;;-;0;0;;;EPA6;exchange_point;152;0;0;152;0;0;0;114;20;0;0;0;152;0;0;0;0;False;0;0;False;False;False;0;0;554;0;554;0;152;152;0;0;0;0;0;0;0;0;False;;0;0;False;;0;0;False;;0;0;False;;0;0;False;;0;0;0;False;;0;0;;;369;100;31.4;PM1;FAST_PROMISE;FAST_PROMISE;2026-07-20;16;Vuc
413225604;=D6_PM1;at_destination_facility;last_mile;1784832506;0;59903397;RodaCoop;['residential', 'business'];True;True;False;;False;False;False;False;False;True;False;False;False;driver;EPA6;SPA2;exchange_point;America/Belem;15;False;[];[];False;0;0;;0;True;0;False;0;False;planned;Utilitários;;-;0;0;;;EPA6;exchange_point;96;0;0;96;0;0;0;87;8;0;0;0;96;0;0;0;0;False;0;0;False;False;False;0;0;553;0;553;0;96;96;0;0;0;0;0;0;0;0;False;;0;0;False;;0;0;False;;0;0;False;;0;0;False;;0;0;0;False;;0;0;;;320;100;22.19;PM1;FAST_PROMISE;FAST_PROMISE;2026-07-17;2;Utilitários
413225660;=D8_PM1;at_destination_facility;last_mile;1784832510;0;59903397;RodaCoop;['residential', 'business'];True;True;False;;False;False;False;False;False;True;False;False;False;driver;EPA6;SPA2;exchange_point;America/Belem;15;False;[];[];False;0;0;;0;True;0;False;0;False;planned;Veículo de Passeio;;-;0;0;;;EPA6;exchange_point;88;0;0;88;0;0;0;79;9;0;0;0;88;0;0;0;0;False;0;0;False;False;False;0;0;553;0;553;0;88;88;0;0;0;0;0;0;0;0;False;;0;0;False;;0;0;False;;0;0;False;;0;0;False;;0;0;0;False;;0;0;;;355;100;35.74;PM1;FAST_PROMISE;FAST_PROMISE;2026-07-12;11;Veículo de Passeio
413225835;=D3_PM1;at_destination_facility;last_mile;1784832523;0;59903397;RodaCoop;['residential', 'business'];True;True;False;;False;False;False;False;False;True;False;False;False;driver;EPA6;SPA2;exchange_point;America/Belem;15;False;[];[];False;0;0;;0;True;0;False;0;False;planned;Vuc;;-;0;0;;;EPA6;exchange_point;119;0;0;119;0;0;0;105;14;0;0;0;119;0;0;0;0;False;0;0;False;False;False;0;0;553;0;553;0;119;119;0;0;0;0;0;0;0;0;False;;0;0;False;;0;0;False;;0;0;False;;0;0;False;;0;0;0;False;;0;0;;;418;100;20.25;PM1;FAST_PROMISE;FAST_PROMISE;2026-07-18;16;Vuc
413230994;=D7_PM1;at_destination_facility;last_mile;1784832904;0;59903397;RodaCoop;['residential', 'business'];True;True;False;;False;False;False;False;False;True;False;False;False;driver;EPA6;SPA2;exchange_point;America/Belem;15;False;[];[];False;0;0;;0;True;0;False;0;False;planned;Veículo de Passeio;;-;0;0;;;EPA6;exchange_point;90;0;0;90;0;0;0;84;6;0;0;0;90;0;0;0;0;False;0;0;False;False;False;0;0;547;0;547;0;90;90;0;0;0;0;0;0;0;0;False;;0;0;False;;0;0;False;;0;0;False;;0;0;False;;0;0;0;False;;0;0;;;345;100;30.84;PM1;FAST_PROMISE;FAST_PROMISE;2026-07-08;11;Veículo de Passeio
413231624;=H7_PM1;at_destination_facility;last_mile;1784832946;0;1670870460;JL Castro;['residential', 'business'];True;True;False;;False;False;False;False;False;True;False;False;False;driver;EPA3;SPA2;exchange_point;America/Belem;15;False;[];[];False;0;0;;0;True;0;False;0;False;planned;Utilitários;;-;0;0;;;EPA3;exchange_point;92;0;0;92;0;0;0;84;8;0;0;0;92;0;0;0;0;False;0;0;False;False;False;0;0;546;0;546;0;92;92;0;0;0;0;0;0;0;0;False;;0;0;False;;0;0;False;;0;0;False;;0;0;False;;0;0;0;False;;0;0;;;311;100;16.25;PM1;FAST_PROMISE;FAST_PROMISE;2026-07-20;2;Utilitários
413231645;=H5_PM1;at_destination_facility;last_mile;1784832948;0;1670870460;JL Castro;['residential', 'business'];True;True;False;;False;False;False;False;False;True;False;False;False;driver;EPA3;SPA2;exchange_point;America/Belem;15;False;[];[];False;0;0;;0;True;0;False;0;False;planned;Utilitários;;-;0;0;;;EPA3;exchange_point;100;0;0;100;0;0;0;87;13;0;0;0;100;0;0;0;0;False;0;0;False;False;False;0;0;546;0;546;0;100;100;0;0;0;0;0;0;0;0;False;;0;0;False;;0;0;False;;0;0;False;;0;0;False;;0;0;0;False;;0;0;;;340;100;25.92;PM1;FAST_PROMISE;FAST_PROMISE;2026-07-23;2;Utilitários
413231953;=H11_PM1;at_destination_facility;last_mile;1784832964;0;1670870460;JL Castro;['residential', 'business'];True;True;False;;False;True;False;False;False;True;False;False;False;driver;EPA3;SPA2;exchange_point;America/Belem;15;False;[];[];False;0;0;;0;True;0;False;0;False;planned;Van;;-;0;0;;;EPA3;exchange_point;76;0;0;76;0;0;0;46;28;0;0;0;76;0;0;0;0;False;0;0;False;False;False;0;0;546;0;546;0;76;76;0;0;0;0;0;0;0;0;False;;0;0;False;;0;0;False;;0;0;False;;0;0;False;;0;0;0;False;;0;0;;;417;100;131.74;PM1;FAST_PROMISE;FAST_PROMISE;2026-07-14;28;Van
413232051;=H12_PM1;at_destination_facility;last_mile;1784832970;0;1670870460;JL Castro;['residential', 'business'];True;True;False;;False;False;False;False;False;True;False;False;False;driver;EPA3;SPA2;exchange_point;America/Belem;15;False;[];[];False;0;0;;0;True;0;False;0;False;planned;Van;;-;0;0;;;EPA3;exchange_point;46;0;0;46;0;0;0;26;20;0;0;0;46;0;0;0;0;False;0;0;False;False;False;0;0;546;0;546;0;46;46;0;0;0;0;0;0;0;0;False;;0;0;False;;0;0;False;;0;0;False;;0;0;False;;0;0;0;False;;0;0;;;417;100;206.8;PM1;FAST_PROMISE;FAST_PROMISE;2026-07-09;28;Van
413232198;=H6_PM1;at_destination_facility;last_mile;1784832980;0;1670870460;JL Castro;['residential', 'business'];True;True;False;;False;False;False;False;False;True;False;False;False;driver;EPA3;SPA2;exchange_point;America/Belem;15;False;[];[];False;0;0;;0;True;0;False;0;False;planned;Utilitários;;-;0;0;;;EPA3;exchange_point;98;0;0;98;0;0;0;86;12;0;0;0;98;0;0;0;0;False;0;0;False;False;False;0;0;545;0;545;0;98;98;0;0;0;0;0;0;0;0;False;;0;0;False;;0;0;False;;0;0;False;;0;0;False;;0;0;0;False;;0;0;;;346;100;21.21;PM1;FAST_PROMISE;FAST_PROMISE;2026-07-22;2;Utilitários
413232520;=H9_PM1;at_destination_facility;last_mile;1784832996;0;1670870460;JL Castro;['residential', 'business'];True;True;False;;False;False;False;False;False;True;False;False;False;driver;EPA3;SPA2;exchange_point;America/Belem;15;False;[];[];False;0;0;;0;True;0;False;0;False;planned;Utilitários;;-;0;0;;;EPA3;exchange_point;89;0;0;89;0;0;0;76;13;0;0;0;89;0;0;0;0;False;0;0;False;False;False;0;0;545;0;545;0;89;89;0;0;0;0;0;0;0;0;False;;0;0;False;;0;0;False;;0;0;False;;0;0;False;;0;0;0;False;;0;0;;;324;100;113.43;PM1;FAST_PROMISE;FAST_PROMISE;2026-07-23;2;Utilitários
413232618;=H10_PM1;at_destination_facility;last_mile;1784833004;0;1670870460;JL Castro;['residential', 'business'];True;True;False;;False;False;False;False;False;True;False;False;False;driver;EPA3;SPA2;exchange_point;America/Belem;15;False;[];[];False;0;0;;0;True;0;False;0;False;planned;Utilitários;;-;0;0;;;EPA3;exchange_point;85;0;0;85;0;0;0;65;20;0;0;0;85;0;0;0;0;False;0;0;False;False;False;0;0;545;0;545;0;85;85;0;0;0;0;0;0;0;0;False;;0;0;False;;0;0;False;;0;0;False;;0;0;False;;0;0;0;False;;0;0;;;419;100;187.76;PM1;FAST_PROMISE;FAST_PROMISE;2026-07-23;2;Utilitários
413232716;=H3_PM1;at_destination_facility;last_mile;1784833010;0;1670870460;JL Castro;['residential', 'business'];True;True;False;;False;False;False;False;False;True;False;False;False;driver;EPA3;SPA2;exchange_point;America/Belem;15;False;[];[];False;0;0;;0;True;0;False;0;False;planned;Utilitários;;-;0;0;;;EPA3;exchange_point;98;0;0;98;0;0;0;72;26;0;0;0;98;0;0;0;0;False;0;0;False;False;False;0;0;545;0;545;0;98;98;0;0;0;0;0;0;0;0;False;;0;0;False;;0;0;False;;0;0;False;;0;0;False;;0;0;0;False;;0;0;;;346;100;22.4;PM1;FAST_PROMISE;FAST_PROMISE;2026-07-19;2;Utilitários
413232800;=H8_PM1;at_destination_facility;last_mile;1784833015;0;1670870460;JL Castro;['residential', 'business'];True;True;False;;False;False;False;False;False;True;False;False;False;driver;EPA3;SPA2;exchange_point;America/Belem;15;False;[];[];False;0;0;;0;True;0;False;0;False;planned;Utilitários;;-;0;0;;;EPA3;exchange_point;87;0;0;87;0;0;0;48;39;0;0;0;87;0;0;0;0;False;0;0;False;False;False;0;0;545;0;545;0;87;87;0;0;0;0;0;0;0;0;False;;0;0;False;;0;0;False;;0;0;False;;0;0;False;;0;0;0;False;;0;0;;;419;100;199.15;PM1;FAST_PROMISE;FAST_PROMISE;2026-07-22;2;Utilitários
413233066;=H2_PM1;at_destination_facility;last_mile;1784833027;0;1670870460;JL Castro;['residential', 'business'];True;True;False;;False;False;False;False;False;True;False;False;False;driver;EPA3;SPA2;exchange_point;America/Belem;15;False;[];[];False;0;0;;0;True;0;False;0;False;planned;Utilitários;;-;0;0;;;EPA3;exchange_point;99;0;0;99;0;0;0;88;11;0;0;0;99;0;0;0;0;False;0;0;False;False;False;0;0;545;0;545;0;99;99;0;0;0;0;0;0;0;0;False;;0;0;False;;0;0;False;;0;0;False;;0;0;False;;0;0;0;False;;0;0;;;369;100;19.84;PM1;FAST_PROMISE;FAST_PROMISE;2026-07-20;2;Utilitários
413233178;=H4_PM1;at_destination_facility;last_mile;1784833032;0;1670870460;JL Castro;['residential', 'business'];True;True;False;;False;False;False;False;False;True;False;False;False;driver;EPA3;SPA2;exchange_point;America/Belem;15;False;[];[];False;0;0;;0;True;0;False;0;False;planned;Utilitários;;-;0;0;;;EPA3;exchange_point;99;0;0;99;0;0;0;80;19;0;0;0;99;0;0;0;0;False;0;0;False;False;False;0;0;545;0;545;0;99;99;0;0;0;0;0;0;0;0;False;;0;0;False;;0;0;False;;0;0;False;;0;0;False;;0;0;0;False;;0;0;;;360;100;22.59;PM1;FAST_PROMISE;FAST_PROMISE;2026-07-22;2;Utilitários
413244574;=H31_PM1;at_destination_facility;last_mile;1784833762;0;1670870460;JL Castro;['residential', 'business'];True;True;False;;False;True;False;False;False;True;False;False;False;driver;EPA3;SPA2;exchange_point;America/Belem;16;False;[];[];False;0;0;;0;True;0;False;0;False;planned;Utilitários;;-;0;0;;;EPA3;exchange_point;90;0;0;90;0;0;0;43;8;0;0;0;90;0;0;0;0;False;0;0;False;False;False;0;0;532;0;532;0;90;90;0;0;0;0;0;0;0;0;False;;0;0;False;;0;0;False;;0;0;False;;0;0;False;;0;0;0;False;;0;0;;;189;100;24.62;PM1;FAST_PROMISE;FAST_PROMISE;2026-07-19;2;Utilitários
413244756;=H33_PM1;at_destination_facility;last_mile;1784833772;0;1670870460;JL Castro;['residential', 'business'];True;True;False;;False;False;False;False;False;True;False;False;False;driver;EPA3;SPA2;exchange_point;America/Belem;16;False;[];[];False;0;0;;0;True;0;False;0;False;planned;Veículo de Passeio;;-;0;0;;;EPA3;exchange_point;90;0;0;90;0;0;0;70;20;0;0;0;90;0;0;0;0;False;0;0;False;False;False;0;0;532;0;532;0;90;90;0;0;0;0;0;0;0;0;False;;0;0;False;;0;0;False;;0;0;False;;0;0;False;;0;0;0;False;;0;0;;;276;100;109.09;PM1;FAST_PROMISE;FAST_PROMISE;2026-07-19;11;Veículo de Passeio
